time,x,y,z,microwave_val
0,0,0,1,6.12303e-17
0.001,0.001,-1.30349e-06,1,-0.00999983
0.002,0.00199999,-5.40485e-06,1,-0.0199987
0.003,0.003,-2.41041e-06,0.999999,-0.0299955
0.004,0.004,1.69462e-05,1.00001,-0.0399893
0.005,0.00500003,1.63185e-05,1.00001,-0.0499792
0.006,0.00600002,1.93642e-05,1,-0.059964
0.007,0.00700007,5.06568e-06,0.999996,-0.0699428
0.008,0.00800003,-2.18238e-05,0.999989,-0.0799147
0.009,0.00900002,-1.85605e-05,0.999981,-0.0898785
0.01,0.01,5.98833e-06,0.999971,-0.0998334
0.011,0.011,1.89548e-05,0.999962,-0.109778
0.012,0.0119999,7.77015e-06,0.999951,-0.119712
0.013,0.0129998,3.1574e-05,0.999937,-0.129634
0.014,0.0139999,1.61668e-06,0.999928,-0.139543
0.015,0.0149998,3.54726e-05,0.999914,-0.149438
0.016,0.0159997,1.33702e-05,0.999901,-0.159318
0.017,0.0169996,4.7873e-05,0.999885,-0.169182
0.018,0.0179995,2.59741e-05,0.999868,-0.17903
0.019,0.0189993,3.01265e-05,0.999848,-0.188859
0.02,0.0199992,1.82914e-05,0.999829,-0.198669
0.021,0.0209988,0.000118316,0.999812,-0.20846
0.022,0.021999,3.12045e-05,0.999798,-0.21823
0.023,0.0229989,-9.30238e-06,0.999777,-0.227978
0.024,0.0239986,4.60924e-05,0.999753,-0.237703
0.025,0.0249983,7.17032e-05,0.999729,-0.247404
0.026,0.0259976,0.000163331,0.999706,-0.257081
0.027,0.0269969,0.000218922,0.999679,-0.266731
0.028,0.0279935,0.000468245,0.999652,-0.276356
0.029,0.0289942,0.000402682,0.999626,-0.285952
0.03,0.029994,0.00038535,0.999596,-0.29552
0.031,0.0309917,0.000521847,0.999569,-0.305059
0.032,0.0319918,0.000489454,0.99954,-0.314567
0.033,0.0329904,0.000552475,0.999509,-0.324043
0.034,0.0339901,0.000541927,0.999478,-0.333487
0.035,0.0349902,0.000505166,0.999445,-0.342898
0.036,0.0359874,0.000651464,0.999413,-0.352274
0.037,0.0369845,0.000766401,0.999376,-0.361615
0.038,0.0379822,0.000843391,0.999339,-0.37092
0.039,0.0389801,0.000901993,0.999298,-0.380188
0.04,0.0399806,0.000848255,0.999259,-0.389418
0.041,0.0409821,0.000755091,0.999231,-0.398609
0.042,0.0419805,0.000810534,0.999194,-0.40776
0.043,0.0429821,0.000669709,0.999151,-0.416871
0.044,0.0439848,0.000408941,0.999113,-0.425939
0.045,0.0449847,0.000296734,0.999069,-0.434966
0.046,0.0459845,0.000211604,0.999028,-0.443948
0.047,0.0469839,9.20782e-05,0.998982,-0.452886
0.048,0.0479831,0.000103049,0.998941,-0.461779
0.049,0.0489819,0.000171821,0.998894,-0.470626
0.05,0.0499808,0.000152349,0.998844,-0.479426
0.051,0.0509798,0.000124542,0.998795,-0.488177
0.052,0.0519783,0.000252199,0.998746,-0.49688
0.053,0.0529767,0.000284651,0.998692,-0.505533
0.054,0.053974,0.000498285,0.998641,-0.514136
0.055,0.0549738,0.000348473,0.998588,-0.522687
0.056,0.0559719,0.00042496,0.998533,-0.531186
0.057,0.0569716,0.000210889,0.998477,-0.539632
0.058,0.0579696,0.000319157,0.99842,-0.548024
0.059,0.0589678,0.000351531,0.998362,-0.556361
0.06,0.0599656,0.00043259,0.998302,-0.564642
0.061,0.0609644,0.000361257,0.998242,-0.572867
0.062,0.0619631,0.00029152,0.998183,-0.581035
0.063,0.0629619,-6.70869e-05,0.998121,-0.589145
0.064,0.0639587,-0.000415686,0.998058,-0.597195
0.065,0.0649567,-0.000426842,0.997994,-0.605186
0.066,0.0659533,-0.000658883,0.997937,-0.613117
0.067,0.0669514,-0.000648212,0.997872,-0.620986
0.068,0.0679502,-0.000539787,0.997805,-0.628793
0.069,0.0689489,-0.000448395,0.997741,-0.636537
0.07,0.0699463,-0.000512525,0.997672,-0.644218
0.071,0.0709419,-0.000738865,0.997602,-0.651834
0.072,0.0719349,-0.00110069,0.997531,-0.659385
0.073,0.0729264,-0.00147523,0.997469,-0.66687
0.074,0.0739244,-0.00144943,0.997395,-0.674288
0.075,0.0749187,-0.00159546,0.99732,-0.681639
0.076,0.0759175,-0.00153364,0.997248,-0.688921
0.077,0.0769127,-0.00162193,0.997169,-0.696135
0.078,0.0779132,-0.00145479,0.997093,-0.703279
0.079,0.0789074,-0.00158932,0.997011,-0.710353
0.08,0.0799028,-0.00166717,0.996932,-0.717356
0.081,0.080897,-0.00180184,0.996854,-0.724287
0.082,0.0818921,-0.00187824,0.996772,-0.731146
0.083,0.0828857,-0.00200974,0.99669,-0.737931
0.084,0.0838858,-0.00187163,0.996609,-0.744643
0.085,0.0848788,-0.00202785,0.996525,-0.75128
0.086,0.0858812,-0.00176917,0.996442,-0.757843
0.087,0.0868863,-0.00127306,0.996355,-0.764329
0.088,0.0878875,-0.00087327,0.996268,-0.770739
0.089,0.0888823,-0.000997154,0.996179,-0.777072
0.09,0.0898801,-0.000839494,0.99609,-0.783327
0.091,0.0908756,-0.000897061,0.995999,-0.789504
0.092,0.091872,-0.000835928,0.995907,-0.795602
0.093,0.0928702,-0.000602223,0.99582,-0.80162
0.094,0.0938649,-0.00076011,0.995727,-0.807558
0.095,0.0948621,-0.000594473,0.995637,-0.813416
0.096,0.0958595,-0.000432753,0.995551,-0.819192
0.097,0.0968529,-0.000791284,0.995456,-0.824886
0.098,0.0978465,-0.00102564,0.995362,-0.830497
0.099,0.0988408,-0.00117126,0.99527,-0.836026
0.1,0.0998354,-0.00124977,0.995175,-0.841471
0.101,0.100831,-0.0012354,0.99508,-0.846832
0.102,0.101822,-0.00156975,0.994981,-0.852108
0.103,0.102817,-0.00159801,0.994883,-0.857299
0.104,0.103814,-0.00141349,0.99478,-0.862404
0.105,0.104807,-0.00158631,0.994676,-0.867423
0.106,0.105803,-0.0014508,0.994569,-0.872355
0.107,0.106798,-0.0014387,0.994464,-0.877201
0.108,0.107793,-0.00140437,0.994357,-0.881958
0.109,0.108785,-0.00159433,0.994251,-0.886627
0.11,0.109775,-0.00182504,0.994141,-0.891207
0.111,0.110771,-0.00171646,0.994032,-0.895699
0.112,0.111772,-0.00123537,0.993921,-0.9001
0.113,0.112755,-0.0019455,0.993808,-0.904412
0.114,0.11376,-0.00122389,0.9937,-0.908633
0.115,0.114754,-0.00125978,0.993591,-0.912764
0.116,0.115743,-0.00161047,0.993476,-0.916803
0.117,0.116735,-0.0017041,0.993359,-0.920751
0.118,0.117723,-0.00204072,0.993245,-0.924606
0.119,0.118716,-0.00203757,0.993127,-0.928369
0.12,0.11971,-0.00204239,0.993008,-0.932039
0.121,0.120685,-0.00290627,0.99289,-0.935616
0.122,0.121691,-0.00230163,0.992771,-0.939099
0.123,0.122679,-0.00257671,0.992654,-0.942489
0.124,0.123676,-0.00236641,0.992531,-0.945784
0.125,0.124664,-0.00260792,0.992411,-0.948985
0.126,0.125665,-0.00219003,0.99229,-0.95209
0.127,0.12666,-0.00200903,0.992164,-0.955101
0.128,0.127649,-0.00215862,0.992035,-0.958016
0.129,0.128648,-0.00179502,0.991911,-0.960835
0.13,0.129633,-0.00220106,0.99178,-0.963558
0.131,0.130627,-0.00204409,0.991651,-0.966185
0.132,0.131614,-0.00236503,0.991522,-0.968715
0.133,0.132601,-0.0025986,0.991392,-0.971148
0.134,0.133575,-0.00338288,0.99126,-0.973485
0.135,0.134564,-0.00345658,0.991127,-0.975723
0.136,0.135548,-0.0037582,0.990997,-0.977865
0.137,0.136539,-0.00378167,0.990862,-0.979908
0.138,0.137531,-0.0037531,0.990734,-0.981854
0.139,0.138533,-0.00334665,0.990596,-0.983701
0.14,0.139497,-0.00428455,0.990457,-0.98545
0.141,0.140492,-0.00414694,0.990318,-0.9871
0.142,0.141495,-0.00370005,0.990178,-0.988652
0.143,0.142456,-0.00471328,0.990044,-0.990105
0.144,0.143466,-0.00405947,0.989901,-0.991458
0.145,0.144455,-0.00409337,0.989758,-0.992713
0.146,0.14546,-0.00350894,0.989613,-0.993868
0.147,0.146447,-0.00359574,0.989467,-0.994924
0.148,0.14744,-0.00346118,0.989321,-0.995881
0.149,0.148432,-0.0033325,0.989173,-0.996738
0.15,0.149427,-0.0030887,0.989026,-0.997495
0.151,0.150417,-0.00307086,0.988877,-0.998152
0.152,0.151401,-0.0032729,0.988725,-0.99871
0.153,0.152397,-0.00290406,0.988573,-0.999168
0.154,0.153381,-0.00311957,0.988419,-0.999526
0.155,0.154367,-0.00325465,0.988269,-0.999784
0.156,0.155362,-0.00295398,0.988117,-0.999942
0.157,0.156352,-0.0028349,0.987963,-1
0.158,0.157336,-0.00307521,0.98781,-0.999958
0.159,0.158343,-0.00190884,0.987654,-0.999816
0.16,0.159315,-0.00292074,0.987497,-0.999574
0.161,0.160311,-0.00241527,0.987337,-0.999232
0.162,0.161308,-0.00169209,0.987177,-0.99879
0.163,0.162291,-0.00208947,0.987017,-0.998248
0.164,0.16328,-0.00190475,0.986852,-0.997606
0.165,0.164271,-0.00158378,0.986696,-0.996865
0.166,0.165255,-0.00187053,0.986533,-0.996024
0.167,0.166247,-0.0013229,0.98637,-0.995083
0.168,0.167238,-0.000530801,0.986206,-0.994043
0.169,0.168219,-0.00139238,0.986039,-0.992904
0.17,0.169198,-0.00216159,0.985877,-0.991665
0.171,0.170178,-0.00260852,0.985706,-0.990327
0.172,0.171177,-0.00144639,0.985535,-0.98889
0.173,0.172161,-0.00160817,0.985365,-0.987354
0.174,0.173149,-0.00144126,0.985194,-0.985719
0.175,0.174137,-0.00102914,0.985023,-0.983986
0.176,0.175121,-0.00116673,0.984849,-0.982154
0.177,0.176109,-0.000827432,0.984677,-0.980224
0.178,0.177088,-0.00171962,0.984507,-0.978197
0.179,0.178062,-0.00259618,0.984329,-0.976071
0.18,0.17904,-0.00302085,0.984156,-0.973848
0.181,0.180036,-0.00231447,0.983983,-0.971527
0.182,0.181021,-0.00225367,0.983803,-0.969109
0.183,0.182013,-0.00150405,0.983628,-0.966594
0.184,0.182992,-0.00199326,0.983446,-0.963983
0.185,0.183981,-0.00162745,0.983272,-0.961275
0.186,0.184959,-0.00220685,0.983089,-0.958471
0.187,0.18594,-0.00239633,0.982907,-0.955572
0.188,0.186926,-0.00216741,0.982721,-0.952576
0.189,0.187909,-0.00208742,0.982532,-0.949486
0.19,0.18889,-0.0022254,0.982346,-0.9463
0.191,0.189875,-0.00201746,0.982159,-0.94302
0.192,0.190866,-0.000981915,0.981974,-0.939645
0.193,0.191845,-0.00148582,0.981781,-0.936177
0.194,0.192826,-0.00154106,0.98159,-0.932615
0.195,0.193803,-0.00199336,0.981396,-0.92896
0.196,0.194786,-0.00216498,0.981216,-0.925212
0.197,0.195769,-0.00220611,0.981032,-0.921371
0.198,0.196757,-0.00147095,0.980838,-0.917438
0.199,0.197735,-0.00182003,0.980644,-0.913413
0.2,0.198718,-0.00160897,0.980448,-0.909297
0.201,0.199699,-0.00180288,0.980258,-0.905091
0.202,0.20067,-0.00262297,0.980058,-0.900793
0.203,0.201663,-0.00137217,0.979861,-0.896406
0.204,0.202645,-0.00107381,0.979663,-0.891929
0.205,0.203626,-0.00107603,0.979465,-0.887362
0.206,0.204608,-0.000540933,0.979263,-0.882707
0.207,0.205588,-0.000330874,0.979059,-0.877964
0.208,0.206565,-0.000715869,0.97885,-0.873133
0.209,0.207547,-0.000438843,0.978653,-0.868215
0.21,0.208526,9.83817e-05,0.978445,-0.863209
0.211,0.209505,-0.000311979,0.978239,-0.858118
0.212,0.210483,-0.000559588,0.97803,-0.85294
0.213,0.211461,-0.000161336,0.977819,-0.847678
0.214,0.212437,-0.000933345,0.977608,-0.84233
0.215,0.213417,-0.000153619,0.977396,-0.836899
0.216,0.214395,-0.000345971,0.977188,-0.831383
0.217,0.215373,2.49738e-05,0.976975,-0.825785
0.218,0.216347,0.0011302,0.97676,-0.820104
0.219,0.217327,0.000549931,0.976546,-0.814341
0.22,0.218302,0.000628042,0.976327,-0.808496
0.221,0.219276,0.00130513,0.976108,-0.802571
0.222,0.220252,0.00133506,0.97589,-0.796565
0.223,0.22123,0.000895923,0.975669,-0.79048
0.224,0.222206,0.000727778,0.975449,-0.784316
0.225,0.223181,0.000941531,0.975226,-0.778073
0.226,0.224158,5.9314e-05,0.975001,-0.771753
0.227,0.225133,-0.000167649,0.974778,-0.765355
0.228,0.226108,-0.000148779,0.974553,-0.758881
0.229,0.227082,0.000323568,0.974328,-0.752331
0.23,0.228058,4.07194e-05,0.974105,-0.745705
0.231,0.22903,0.000902207,0.973878,-0.739005
0.232,0.230005,0.000515408,0.973649,-0.732231
0.233,0.230979,-0.000244557,0.973418,-0.725384
0.234,0.23195,0.00119426,0.973187,-0.718465
0.235,0.232924,0.00100633,0.972955,-0.711473
0.236,0.233898,0.000580578,0.972721,-0.704411
0.237,0.23487,0.00123555,0.972493,-0.697278
0.238,0.235844,-0.000719999,0.972258,-0.690075
0.239,0.236815,-0.00110928,0.972022,-0.682803
0.24,0.237787,-0.00111674,0.971786,-0.675463
0.241,0.238759,-0.00107262,0.971549,-0.668056
0.242,0.239725,-0.00201241,0.971311,-0.660581
0.243,0.240699,-0.00178491,0.971077,-0.653041
0.244,0.241667,-0.00219664,0.970837,-0.645435
0.245,0.242637,-0.00232031,0.970594,-0.637765
0.246,0.243612,-0.00178032,0.97035,-0.630031
0.247,0.244582,-0.00178869,0.970109,-0.622234
0.248,0.245555,-0.00136539,0.969865,-0.614374
0.249,0.246524,-0.00152568,0.969618,-0.606454
0.25,0.247493,-0.00156347,0.969372,-0.598472
0.251,0.248452,-0.00286172,0.969128,-0.590431
0.252,0.249429,-0.00217293,0.968881,-0.582331
0.253,0.250399,-0.00206479,0.968633,-0.574172
0.254,0.251359,-0.0029443,0.968383,-0.565956
0.255,0.252326,-0.0031159,0.968135,-0.557684
0.256,0.253281,-0.00401339,0.967882,-0.549355
0.257,0.254254,-0.0037154,0.967628,-0.540972
0.258,0.255217,-0.00396288,0.967371,-0.532535
0.259,0.256182,-0.00407797,0.967116,-0.524044
0.26,0.257134,-0.00494841,0.96686,-0.515501
0.261,0.258086,-0.00570041,0.966607,-0.506907
0.262,0.259047,-0.00595499,0.966348,-0.498262
0.263,0.26001,-0.00615963,0.966094,-0.489567
0.264,0.260972,-0.00633828,0.965834,-0.480823
0.265,0.261955,-0.00561746,0.965574,-0.472031
0.266,0.262931,-0.00509682,0.965314,-0.463191
0.267,0.263883,-0.00572891,0.965051,-0.454306
0.268,0.264848,-0.00576966,0.964787,-0.445375
0.269,0.265781,-0.0070218,0.964519,-0.436399
0.27,0.26671,-0.00832236,0.964258,-0.42738
0.271,0.26766,-0.00875839,0.963991,-0.418318
0.272,0.268601,-0.0095034,0.963732,-0.409214
0.273,0.269523,-0.0106116,0.963464,-0.400069
0.274,0.270535,-0.00933029,0.963196,-0.390885
0.275,0.271501,-0.00922173,0.962925,-0.381661
0.276,0.272483,-0.00866194,0.962654,-0.372399
0.277,0.273385,-0.0104261,0.962386,-0.3631
0.278,0.274401,-0.0089903,0.96212,-0.353764
0.279,0.275373,-0.00867215,0.961846,-0.344393
0.28,0.276322,-0.00909158,0.961572,-0.334988
0.281,0.27728,-0.0091854,0.961295,-0.325549
0.282,0.278191,-0.0105999,0.961017,-0.316078
0.283,0.279157,-0.0104435,0.960738,-0.306575
0.284,0.280132,-0.0100557,0.960459,-0.297041
0.285,0.28106,-0.0109276,0.960178,-0.287478
0.286,0.282047,-0.0101951,0.959896,-0.277886
0.287,0.28299,-0.0106788,0.959615,-0.268266
0.288,0.283919,-0.0114658,0.959332,-0.258619
0.289,0.28487,-0.0116493,0.959046,-0.248947
0.29,0.285831,-0.0116037,0.958764,-0.239249
0.291,0.286784,-0.011714,0.958473,-0.229528
0.292,0.287724,-0.0122535,0.958197,-0.219784
0.293,0.288685,-0.0121807,0.957911,-0.210017
0.294,0.289695,-0.0108884,0.957622,-0.20023
0.295,0.290645,-0.0111211,0.957338,-0.190423
0.296,0.291599,-0.01122,0.957048,-0.180596
0.297,0.29258,-0.0105713,0.956757,-0.170752
0.298,0.293534,-0.0106665,0.956466,-0.16089
0.299,0.294522,-0.00976983,0.956172,-0.151013
0.3,0.29547,-0.0100145,0.955878,-0.14112
0.301,0.296442,-0.00953274,0.955583,-0.131213
0.302,0.297386,-0.00987219,0.955287,-0.121293
0.303,0.298357,-0.009403,0.954989,-0.111361
0.304,0.299381,-0.00694805,0.954697,-0.101418
0.305,0.300344,-0.00659844,0.9544,-0.0914646
0.306,0.30129,-0.00705545,0.954104,-0.0815022
0.307,0.302253,-0.00669461,0.953805,-0.0715315
0.308,0.303217,-0.00619528,0.953503,-0.0615537
0.309,0.304168,-0.00628577,0.953197,-0.0515698
0.31,0.305116,-0.00657778,0.952895,-0.0415807
0.311,0.306084,-0.00579146,0.952589,-0.0315874
0.312,0.307033,-0.00600715,0.952285,-0.021591
0.313,0.307965,-0.00703987,0.951982,-0.0115924
0.314,0.308937,-0.00610488,0.951676,-0.00159265
0.315,0.309832,-0.00852906,0.95137,0.00840725
0.316,0.310812,-0.0075146,0.951067,0.0184063
0.317,0.311792,-0.00635342,0.950765,0.0284035
0.318,0.312732,-0.00695049,0.950457,0.0383979
0.319,0.313696,-0.00632991,0.950148,0.0483884
0.32,0.314671,-0.00501497,0.949836,0.0583741
0.321,0.315615,-0.00528137,0.949517,0.068354
0.322,0.316562,-0.00543213,0.949202,0.078327
0.323,0.31749,-0.0065511,0.948886,0.0882922
0.324,0.318456,-0.0057931,0.948575,0.0982486
0.325,0.319401,-0.00609193,0.948262,0.108195
0.326,0.320351,-0.00600017,0.947944,0.118131
0.327,0.321311,-0.00534018,0.947623,0.128055
0.328,0.322265,-0.00500778,0.947305,0.137966
0.329,0.323225,-0.00422001,0.946986,0.147863
0.33,0.324177,-0.00385884,0.946664,0.157746
0.331,0.325141,-0.00194138,0.946342,0.167612
0.332,0.326078,-0.00313282,0.946017,0.177462
0.333,0.327015,-0.00393256,0.945689,0.187295
0.334,0.327963,-0.0037167,0.945363,0.197108
0.335,0.328911,-0.00347049,0.945035,0.206902
0.336,0.329859,-0.00325669,0.944707,0.216675
0.337,0.330813,-0.0021969,0.944379,0.226427
0.338,0.331752,-0.00302021,0.944052,0.236155
0.339,0.332677,-0.00467269,0.943719,0.245861
0.34,0.333639,-0.00307367,0.943387,0.255541
0.341,0.334586,-0.00265727,0.943054,0.265196
0.342,0.33553,-0.00247452,0.942717,0.274825
0.343,0.336473,-0.00250014,0.942382,0.284426
0.344,0.337424,-0.000468462,0.942046,0.293998
0.345,0.338367,-2.17644e-05,0.94171,0.303542
0.346,0.339309,0.000149787,0.941372,0.313054
0.347,0.340249,-0.000857537,0.941033,0.322536
0.348,0.341187,-0.00163182,0.940692,0.331985
0.349,0.342129,-0.00173836,0.940354,0.341401
0.35,0.34306,-0.00313543,0.940013,0.350783
0.351,0.344002,-0.00289828,0.939671,0.36013
0.352,0.344952,-0.0012397,0.939327,0.369441
0.353,0.345889,-0.0017008,0.938983,0.378715
0.354,0.346831,-0.00117336,0.938638,0.387951
0.355,0.34777,0.000247262,0.938288,0.397148
0.356,0.348708,0.00107708,0.937943,0.406306
0.357,0.349639,0.00240491,0.937593,0.415423
0.358,0.350557,0.00447902,0.937246,0.424498
0.359,0.351487,0.00501478,0.936896,0.433531
0.36,0.352434,0.00422031,0.936544,0.44252
0.361,0.353376,0.00388373,0.936194,0.451466
0.362,0.354306,0.00436942,0.93584,0.460366
0.363,0.355253,0.00349016,0.935488,0.46922
0.364,0.356196,0.00257999,0.935134,0.478027
0.365,0.357132,0.00259758,0.934779,0.486787
0.366,0.358057,0.00373933,0.934423,0.495497
0.367,0.358989,0.00388343,0.934062,0.504159
0.368,0.359921,0.00408486,0.933705,0.512769
0.369,0.360864,0.00304455,0.933343,0.521329
0.37,0.361792,0.00398093,0.932991,0.529836
0.371,0.36272,0.00438128,0.932629,0.538291
0.372,0.363656,0.00401312,0.932263,0.546691
0.373,0.364584,0.00439154,0.931901,0.555037
0.374,0.36552,0.00408726,0.931538,0.563327
0.375,0.366467,0.00239998,0.931172,0.571561
0.376,0.367403,0.00143781,0.930806,0.579738
0.377,0.368336,0.00111733,0.93044,0.587857
0.378,0.369263,0.00192996,0.930072,0.595917
0.379,0.370184,0.00308164,0.9297,0.603918
0.38,0.371118,0.00258125,0.929331,0.611858
0.381,0.37204,0.00361071,0.928963,0.619737
0.382,0.372956,0.00478336,0.928591,0.627554
0.383,0.373879,0.00525856,0.928219,0.635308
0.384,0.374774,0.00719485,0.927845,0.642999
0.385,0.375705,0.00718019,0.927476,0.650625
0.386,0.376588,0.00919429,0.9271,0.658186
0.387,0.377496,0.0101729,0.926737,0.665682
0.388,0.378394,0.0112219,0.926362,0.673111
0.389,0.379311,0.0115248,0.925983,0.680473
0.39,0.380242,0.0113741,0.925605,0.687766
0.391,0.38119,0.0107167,0.925232,0.694991
0.392,0.382118,0.0105596,0.924847,0.702146
0.393,0.383019,0.0114017,0.924466,0.709231
0.394,0.383947,0.0112825,0.924084,0.716246
0.395,0.384869,0.01137,0.9237,0.723188
0.396,0.385785,0.011683,0.923318,0.730058
0.397,0.38667,0.0128749,0.922933,0.736856
0.398,0.387619,0.0120659,0.922546,0.743579
0.399,0.388518,0.012772,0.922157,0.750228
0.4,0.389394,0.0141003,0.921767,0.756802
0.401,0.390315,0.0141121,0.921376,0.763301
0.402,0.391293,0.0125255,0.920993,0.769723
0.403,0.392194,0.0131429,0.920601,0.776068
0.404,0.393166,0.011622,0.920217,0.782336
0.405,0.394106,0.010895,0.919822,0.788525
0.406,0.395086,0.00845967,0.919428,0.794636
0.407,0.395958,0.0104805,0.919036,0.800667
0.408,0.396914,0.00897688,0.91864,0.806618
0.409,0.397859,0.00771681,0.918242,0.812488
0.41,0.398799,0.00650775,0.917845,0.818277
0.411,0.399732,0.00551143,0.917447,0.823984
0.412,0.400662,0.00482087,0.917055,0.829609
0.413,0.401588,0.00386277,0.916651,0.835151
0.414,0.402501,0.00424867,0.916251,0.840609
0.415,0.403418,0.00428434,0.915851,0.845984
0.416,0.404326,0.0049816,0.915449,0.851273
0.417,0.405233,0.00567768,0.915045,0.856478
0.418,0.406131,0.00678118,0.91464,0.861597
0.419,0.40703,0.00762651,0.914233,0.86663
0.42,0.407949,0.00747332,0.913828,0.871576
0.421,0.408862,0.0074815,0.913419,0.876435
0.422,0.409755,0.00853275,0.913012,0.881206
0.423,0.41068,0.008033,0.912607,0.885889
0.424,0.41162,0.00662324,0.912199,0.890484
0.425,0.41256,0.00452615,0.911787,0.894989
0.426,0.413476,0.00427096,0.911377,0.899405
0.427,0.414371,0.00566071,0.910966,0.903732
0.428,0.415305,0.00367302,0.910552,0.907967
0.429,0.416218,0.00337831,0.910136,0.912112
0.43,0.417116,0.00463751,0.90972,0.916166
0.431,0.418022,0.00485412,0.909302,0.920128
0.432,0.418938,0.00454566,0.90889,0.923998
0.433,0.419826,0.00624984,0.908474,0.927776
0.434,0.420752,0.00486143,0.908052,0.931461
0.435,0.421646,0.00600879,0.907632,0.935053
0.436,0.42257,0.00466285,0.90721,0.938551
0.437,0.4235,0.00178046,0.906789,0.941955
0.438,0.424409,0.00139115,0.906367,0.945266
0.439,0.425314,0.00221055,0.905947,0.948481
0.44,0.426214,0.00329684,0.905524,0.951602
0.441,0.427134,0.0023394,0.905114,0.954628
0.442,0.42803,0.00356712,0.904686,0.957558
0.443,0.428934,0.00361522,0.904258,0.960392
0.444,0.429843,0.00312769,0.903831,0.963131
0.445,0.430754,0.0024437,0.903406,0.965773
0.446,0.431654,0.00310647,0.902977,0.968319
0.447,0.432549,0.00413079,0.902546,0.970767
0.448,0.433448,0.00439013,0.902113,0.973119
0.449,0.434357,0.00384243,0.901683,0.975373
0.45,0.435257,0.00412699,0.90125,0.97753
0.451,0.436137,0.00591508,0.900814,0.979589
0.452,0.437046,0.00523294,0.900376,0.98155
0.453,0.43796,0.0038421,0.899938,0.983413
0.454,0.438866,0.00313264,0.899501,0.985178
0.455,0.439774,0.00160799,0.899062,0.986844
0.456,0.440672,0.00121647,0.898619,0.988411
0.457,0.441572,0.000979843,0.898179,0.98988
0.458,0.442471,0.000898677,0.897738,0.991249
0.459,0.443369,0.000738649,0.897295,0.99252
0.46,0.444268,-2.63844e-05,0.896854,0.993691
0.461,0.445163,0.00203705,0.896415,0.994763
0.462,0.446057,0.00240596,0.89597,0.995735
0.463,0.446953,0.00245172,0.895525,0.996608
0.464,0.447827,0.00503818,0.895078,0.997381
0.465,0.448712,0.00591792,0.894631,0.998054
0.466,0.449625,0.00424119,0.894181,0.998628
0.467,0.45053,0.00278317,0.89373,0.999102
0.468,0.451412,0.00428849,0.893279,0.999476
0.469,0.452292,0.00552744,0.892828,0.999749
0.47,0.453209,0.00278454,0.892375,0.999923
0.471,0.45411,0.000688164,0.891923,0.999997
0.472,0.454998,0.00184,0.891468,0.999971
0.473,0.455893,0.000186066,0.891012,0.999845
0.474,0.456784,-0.000532992,0.890556,0.999619
0.475,0.457669,0.00229566,0.8901,0.999293
0.476,0.458545,0.00422223,0.88964,0.998867
0.477,0.459437,0.00394969,0.889182,0.998341
0.478,0.460318,0.00488424,0.888725,0.997715
0.479,0.461211,0.00443176,0.888264,0.99699
0.48,0.46209,0.00521045,0.887799,0.996165
0.481,0.462955,0.00691284,0.887337,0.99524
0.482,0.463834,0.00745179,0.886874,0.994216
0.483,0.464729,0.00699691,0.886412,0.993092
0.484,0.465621,0.0065774,0.885948,0.991869
0.485,0.466534,0.0043077,0.885482,0.990547
0.486,0.467412,0.00513544,0.885018,0.989125
0.487,0.468295,0.00510361,0.884546,0.987605
0.488,0.4692,0.00264529,0.884078,0.985986
0.489,0.470088,0.00249628,0.883615,0.984269
0.49,0.470964,0.00348537,0.883142,0.982453
0.491,0.471859,0.00183137,0.882676,0.980538
0.492,0.472731,0.00374991,0.882204,0.978526
0.493,0.473595,0.00551134,0.88173,0.976416
0.494,0.474498,0.003122,0.881256,0.974208
0.495,0.475371,0.00419783,0.880782,0.971903
0.496,0.476237,0.00570758,0.880307,0.969501
0.497,0.477101,0.0070526,0.879834,0.967001
0.498,0.478004,0.00532892,0.879358,0.964405
0.499,0.478887,0.00501866,0.878882,0.961713
0.5,0.479776,0.0040057,0.878404,0.958924
0.501,0.480659,0.00332806,0.877923,0.95604
0.502,0.481541,0.00306219,0.877445,0.95306
0.503,0.482403,0.00490623,0.876964,0.949984
0.504,0.483282,0.00475486,0.876482,0.946814
0.505,0.484154,0.00500147,0.875996,0.943549
0.506,0.485028,0.00527965,0.875513,0.940189
0.507,0.485895,0.00597958,0.875028,0.936736
0.508,0.486736,0.00829742,0.874543,0.933189
0.509,0.487602,0.0087682,0.874055,0.929548
0.51,0.488464,0.00941294,0.873567,0.925815
0.511,0.489276,0.0121881,0.873079,0.921989
0.512,0.490135,0.0127614,0.872589,0.91807
0.513,0.491007,0.0128427,0.872103,0.91406
0.514,0.491848,0.0139931,0.871612,0.909959
0.515,0.492697,0.0147404,0.871119,0.905767
0.516,0.493605,0.0134495,0.870625,0.901484
0.517,0.494512,0.0122617,0.870141,0.897111
0.518,0.495372,0.0126586,0.869647,0.892648
0.519,0.496285,0.0108765,0.869154,0.888096
0.52,0.497131,0.0118844,0.868657,0.883455
0.521,0.497992,0.0121787,0.86816,0.878725
0.522,0.498898,0.0106258,0.867666,0.873908
0.523,0.499745,0.0116562,0.867169,0.869004
0.524,0.500622,0.0112419,0.866671,0.864012
0.525,0.501512,0.0102091,0.866172,0.858934
0.526,0.502383,0.00990762,0.865669,0.853771
0.527,0.503283,0.0080123,0.865167,0.848522
0.528,0.504144,0.00827833,0.864663,0.843188
0.529,0.505023,0.00740656,0.864162,0.837769
0.53,0.505865,0.00892129,0.86366,0.832267
0.531,0.506717,0.00963668,0.863157,0.826682
0.532,0.507577,0.00978814,0.86265,0.821014
0.533,0.508458,0.00881119,0.862143,0.815264
0.534,0.509271,0.0112495,0.861633,0.809433
0.535,0.510173,0.00931429,0.861125,0.80352
0.536,0.511031,0.00944468,0.860614,0.797527
0.537,0.511873,0.0103905,0.860103,0.791455
0.538,0.512755,0.00927921,0.859593,0.785303
0.539,0.513575,0.0112759,0.85908,0.779073
0.54,0.514424,0.0116548,0.858564,0.772764
0.541,0.515299,0.0109146,0.858049,0.766379
0.542,0.516205,0.00830133,0.857534,0.759917
0.543,0.517047,0.00924974,0.857018,0.753379
0.544,0.517894,0.00977206,0.856501,0.746765
0.545,0.518781,0.00797663,0.855982,0.740077
0.546,0.519641,0.00769095,0.855462,0.733315
0.547,0.520508,0.00690875,0.854943,0.72648
0.548,0.521358,0.00720982,0.854422,0.719572
0.549,0.522225,0.0063751,0.853903,0.712592
0.55,0.52309,0.00541264,0.853382,0.70554
0.551,0.523938,0.00595507,0.85286,0.698418
0.552,0.52478,0.00683185,0.852335,0.691227
0.553,0.525635,0.00671017,0.851811,0.683966
0.554,0.526491,0.00635454,0.851286,0.676637
0.555,0.527324,0.00770889,0.850758,0.66924
0.556,0.528192,0.00639252,0.850231,0.661776
0.557,0.52906,0.00474172,0.849704,0.654246
0.558,0.529927,0.0020527,0.849175,0.646651
0.559,0.530761,0.00456846,0.848646,0.638991
0.56,0.531622,0.00294989,0.848117,0.631267
0.561,0.53247,0.0029411,0.847584,0.62348
0.562,0.533298,0.00563807,0.847056,0.61563
0.563,0.534136,0.00676482,0.846528,0.607719
0.564,0.534976,0.00742865,0.845998,0.599747
0.565,0.53583,0.00720449,0.845471,0.591716
0.566,0.536639,0.00954737,0.844935,0.583625
0.567,0.537502,0.00847287,0.844399,0.575475
0.568,0.538355,0.00786556,0.84386,0.567269
0.569,0.539184,0.00880007,0.843321,0.559005
0.57,0.54001,0.00980068,0.842781,0.550686
0.571,0.540835,0.0106751,0.84224,0.542311
0.572,0.541665,0.0112741,0.841698,0.533882
0.573,0.54256,0.00828018,0.841156,0.5254
0.574,0.543427,0.00637486,0.840614,0.516865
0.575,0.544256,0.00739276,0.840073,0.508279
0.576,0.54509,0.00788486,0.839529,0.499642
0.577,0.545961,0.00524363,0.838984,0.490955
0.578,0.546818,0.00293866,0.838438,0.482218
0.579,0.547661,0.00185068,0.837892,0.473434
0.58,0.548499,0.00168226,0.837343,0.464602
0.581,0.549336,0.00150552,0.836793,0.455724
0.582,0.550175,0.000251781,0.836244,0.4468
0.583,0.551009,0.00135039,0.835694,0.437832
0.584,0.551846,0.001123,0.835143,0.428819
0.585,0.55268,0.00133916,0.834591,0.419764
0.586,0.553516,0.00119511,0.83404,0.410667
0.587,0.554348,0.0020548,0.833487,0.401529
0.588,0.555184,0.00212033,0.832936,0.39235
0.589,0.556006,0.00424618,0.832383,0.383133
0.59,0.556841,0.00392405,0.831828,0.373877
0.591,0.557684,0.00273526,0.831277,0.364583
0.592,0.558512,0.00342668,0.830719,0.355254
0.593,0.559348,0.00220285,0.830161,0.345888
0.594,0.560177,0.0024847,0.829601,0.336488
0.595,0.56101,0.00180713,0.829041,0.327055
0.596,0.56183,0.00372301,0.828481,0.317589
0.597,0.56267,0.00136318,0.82792,0.308091
0.598,0.563499,-0.00082606,0.827358,0.298562
0.599,0.564322,-0.00243788,0.826795,0.289003
0.6,0.565156,-0.00032532,0.826233,0.279415
0.601,0.565982,-0.00125715,0.825671,0.2698
0.602,0.566812,1.8168e-05,0.825108,0.260157
0.603,0.567633,-0.00230973,0.824543,0.250489
0.604,0.568453,-0.00329438,0.823975,0.240795
0.605,0.569282,-0.00201247,0.823406,0.231078
0.606,0.570108,-0.00169961,0.822838,0.221337
0.607,0.570934,0.0007145,0.82227,0.211574
0.608,0.571756,0.000981075,0.821699,0.20179
0.609,0.57258,-0.000442098,0.82113,0.191986
0.61,0.573391,-0.00359503,0.820559,0.182163
0.611,0.574217,-0.00273088,0.819986,0.172321
0.612,0.575028,-0.00429547,0.819413,0.162462
0.613,0.575846,-0.00438112,0.818837,0.152587
0.614,0.57668,-0.00131482,0.818262,0.142697
0.615,0.577491,-0.00335389,0.817686,0.132792
0.616,0.578304,-0.00414366,0.817108,0.122874
0.617,0.579127,-0.00286115,0.816527,0.112944
0.618,0.579938,-0.0039289,0.81595,0.103002
0.619,0.580766,-0.00169279,0.815371,0.0930505
0.62,0.581583,-0.000636911,0.81479,0.0830894
0.621,0.582397,-0.00180784,0.814211,0.07312
0.622,0.583208,-0.00324457,0.813633,0.0631433
0.623,0.58403,-0.0014228,0.813051,0.0531602
0.624,0.584845,-0.00121716,0.812468,0.0431719
0.625,0.585659,0.000786813,0.811885,0.0331792
0.626,0.58647,0.000843782,0.811299,0.0231832
0.627,0.587283,-0.000191036,0.810713,0.0131849
0.628,0.588091,-0.00187077,0.810127,0.0031853
0.629,0.588898,-0.00330091,0.809542,-0.00681464
0.63,0.589689,-0.00580218,0.808956,-0.0168139
0.631,0.590477,-0.00774794,0.808367,-0.0268115
0.632,0.591293,-0.00714716,0.807777,-0.0368064
0.633,0.592103,-0.0070249,0.807186,-0.0467976
0.634,0.592901,-0.00773538,0.806594,-0.0567841
0.635,0.593684,-0.00954491,0.806005,-0.066765
0.636,0.594452,-0.0118095,0.805415,-0.0767392
0.637,0.595224,-0.0133757,0.80482,-0.0867057
0.638,0.595972,-0.0158541,0.80423,-0.0966635
0.639,0.596762,-0.0163613,0.803634,-0.106612
0.64,0.597513,-0.0182738,0.80304,-0.116549
0.641,0.598311,-0.0183978,0.802441,-0.126475
0.642,0.599138,-0.0176016,0.801844,-0.136388
0.643,0.599945,-0.0174526,0.801246,-0.146288
0.644,0.60065,-0.0205663,0.800649,-0.156173
0.645,0.60141,-0.0216839,0.800047,-0.166042
0.646,0.602208,-0.0217506,0.799446,-0.175895
0.647,0.602943,-0.0234759,0.798844,-0.18573
0.648,0.603783,-0.0224055,0.798241,-0.195547
0.649,0.604625,-0.0211603,0.797637,-0.205344
0.65,0.605362,-0.0228955,0.797036,-0.21512
0.651,0.60608,-0.0249196,0.796431,-0.224875
0.652,0.606976,-0.0223478,0.795825,-0.234607
0.653,0.607744,-0.023102,0.795217,-0.244316
0.654,0.60847,-0.0248755,0.794611,-0.254001
0.655,0.609328,-0.0234068,0.794009,-0.26366
0.656,0.610164,-0.0223611,0.793403,-0.273293
0.657,0.610925,-0.0232256,0.792792,-0.282898
0.658,0.611802,-0.0208362,0.79218,-0.292476
0.659,0.612522,-0.022899,0.79157,-0.302024
0.66,0.613388,-0.0208522,0.790959,-0.311541
0.661,0.614204,-0.0203186,0.790355,-0.321028
0.662,0.615019,-0.0196825,0.789745,-0.330482
0.663,0.615805,-0.0197915,0.78913,-0.339904
0.664,0.616668,-0.0174791,0.78852,-0.349291
0.665,0.617518,-0.015192,0.787903,-0.358644
0.666,0.618349,-0.0133177,0.787286,-0.367961
0.667,0.61915,-0.0126712,0.786668,-0.37724
0.668,0.619951,-0.0123239,0.786058,-0.386483
0.669,0.620739,-0.012226,0.785438,-0.395686
0.67,0.621487,-0.0140385,0.784819,-0.40485
0.671,0.62232,-0.0116855,0.784196,-0.413973
0.672,0.623123,-0.0106253,0.783573,-0.423055
0.673,0.623931,-0.00903334,0.78295,-0.432095
0.674,0.624723,-0.00849727,0.782327,-0.441092
0.675,0.62551,-0.00807418,0.781702,-0.450044
0.676,0.626268,-0.00982141,0.781078,-0.458951
0.677,0.627031,-0.0110255,0.780454,-0.467813
0.678,0.627815,-0.0110596,0.779832,-0.476628
0.679,0.628621,-0.00939596,0.779204,-0.485395
0.68,0.62943,-0.0072652,0.778576,-0.494113
0.681,0.630204,-0.00758434,0.777946,-0.502782
0.682,0.630963,-0.00891834,0.777314,-0.511401
0.683,0.631711,-0.0107894,0.776682,-0.519969
0.684,0.632499,-0.0102277,0.776053,-0.528485
0.685,0.633281,-0.00978493,0.77542,-0.536948
0.686,0.634064,-0.00945563,0.77479,-0.545357
0.687,0.634868,-0.00723537,0.774155,-0.553711
0.688,0.63566,-0.00542862,0.773521,-0.562011
0.689,0.636446,-0.00341735,0.772883,-0.570254
0.69,0.637206,-0.00530397,0.772246,-0.57844
0.691,0.637975,-0.00570692,0.771609,-0.586568
0.692,0.638766,-0.00310489,0.770974,-0.594637
0.693,0.639544,0.000145351,0.770334,-0.602648
0.694,0.640314,-0.000617719,0.769694,-0.610597
0.695,0.641081,0.00188292,0.769053,-0.618486
0.696,0.641843,0.00353454,0.768412,-0.626313
0.697,0.642614,0.00338188,0.767773,-0.634077
0.698,0.643387,0.00213539,0.76713,-0.641778
0.699,0.644155,-0.00151655,0.766486,-0.649415
0.7,0.64492,-0.00184423,0.765841,-0.656987
0.701,0.645685,-0.00226305,0.765197,-0.664493
0.702,0.646454,0.00114391,0.764552,-0.671932
0.703,0.647204,0.00442704,0.763905,-0.679305
0.704,0.647975,0.00333227,0.763258,-0.686609
0.705,0.648745,0.00166584,0.76261,-0.693845
0.706,0.649503,0.00407663,0.761969,-0.701011
0.707,0.65027,0.00344067,0.761322,-0.708108
0.708,0.651035,0.00261181,0.760671,-0.715133
0.709,0.651786,0.00440534,0.760019,-0.722087
0.71,0.652556,0.00294583,0.759369,-0.728969
0.711,0.653316,0.00299372,0.758718,-0.735778
0.712,0.654069,0.00402403,0.758065,-0.742513
0.713,0.654844,0.000227989,0.757416,-0.749174
0.714,0.6556,-0.000885127,0.75676,-0.755761
0.715,0.65634,-0.00476665,0.756104,-0.762271
0.716,0.657096,-0.0053201,0.755453,-0.768705
0.717,0.657855,-0.0048953,0.754796,-0.775063
0.718,0.658607,-0.00528713,0.754139,-0.781343
0.719,0.659363,-0.00493471,0.753479,-0.787545
0.72,0.660107,-0.00610244,0.75282,-0.793668
0.721,0.660833,-0.00848722,0.752159,-0.799712
0.722,0.661579,-0.00877702,0.751496,-0.805675
0.723,0.662284,-0.0117061,0.750833,-0.811559
0.724,0.663011,-0.0132573,0.750177,-0.817361
0.725,0.663738,-0.0143829,0.749514,-0.823081
0.726,0.664478,-0.0148163,0.748851,-0.828719
0.727,0.665278,-0.0123852,0.748187,-0.834274
0.728,0.666049,-0.0111748,0.747524,-0.839746
0.729,0.666792,-0.0116074,0.74686,-0.845133
0.73,0.667521,-0.0125419,0.746193,-0.850437
0.731,0.668228,-0.0145138,0.745526,-0.855655
0.732,0.668931,-0.0166041,0.744865,-0.860787
0.733,0.669639,-0.0178641,0.744191,-0.865834
0.734,0.670388,-0.0177304,0.743522,-0.870794
0.735,0.671203,-0.0150393,0.742858,-0.875667
0.736,0.671988,-0.0131836,0.74219,-0.880452
0.737,0.672745,-0.0124511,0.74152,-0.885149
0.738,0.673452,-0.014132,0.740846,-0.889758
0.739,0.674262,-0.0104173,0.740173,-0.894278
0.74,0.675021,-0.00914033,0.7395,-0.898708
0.741,0.675731,-0.0111063,0.738825,-0.903049
0.742,0.676476,-0.0107876,0.73815,-0.907299
0.743,0.677172,-0.0132847,0.737476,-0.911458
0.744,0.677885,-0.0145704,0.736801,-0.915526
0.745,0.678598,-0.0156617,0.736124,-0.919503
0.746,0.679391,-0.0130667,0.735447,-0.923388
0.747,0.680147,-0.0120875,0.73477,-0.92718
0.748,0.680877,-0.0122847,0.73409,-0.93088
0.749,0.681648,-0.0103434,0.733413,-0.934487
0.75,0.682414,-0.00787871,0.732731,-0.938
0.751,0.68312,-0.0103037,0.732054,-0.941419
0.752,0.683827,-0.0117806,0.731371,-0.944745
0.753,0.684535,-0.0131772,0.730689,-0.947975
0.754,0.685256,-0.0136769,0.730005,-0.951111
0.755,0.68592,-0.0167049,0.729321,-0.954152
0.756,0.686688,-0.0151043,0.728636,-0.957098
0.757,0.687492,-0.010967,0.727947,-0.959947
0.758,0.688228,-0.0105928,0.727261,-0.962701
0.759,0.688988,-0.00816091,0.726572,-0.965359
0.76,0.689718,-0.00782789,0.725883,-0.96792
0.761,0.690446,-0.00800106,0.725198,-0.970384
0.762,0.6912,-0.0049378,0.724507,-0.972751
0.763,0.691928,-0.00455406,0.723817,-0.975021
0.764,0.69264,-0.00616101,0.723126,-0.977193
0.765,0.693377,-0.00428968,0.722433,-0.979268
0.766,0.694103,-0.00421939,0.721742,-0.981244
0.767,0.694834,-0.00201241,0.721048,-0.983123
0.768,0.695556,-0.00233036,0.720354,-0.984903
0.769,0.696278,-0.00144183,0.719659,-0.986585
0.77,0.696997,-0.00159329,0.718962,-0.988168
0.771,0.697715,-0.00166626,0.718264,-0.989653
0.772,0.698429,-0.00311965,0.717567,-0.991038
0.773,0.699144,-0.00362339,0.716868,-0.992324
0.774,0.699868,-0.0018464,0.716169,-0.993511
0.775,0.700586,-0.00043106,0.71547,-0.994599
0.776,0.701293,-0.00351568,0.714769,-0.995587
0.777,0.702016,-0.00135047,0.714068,-0.996476
0.778,0.702731,0.00117451,0.713367,-0.997265
0.779,0.703437,0.00386036,0.712667,-0.997954
0.78,0.704147,0.00415638,0.711962,-0.998543
0.781,0.704859,0.00441693,0.711259,-0.999033
0.782,0.705563,0.00535356,0.710554,-0.999423
0.783,0.70625,0.00787083,0.709848,-0.999712
0.784,0.706929,0.0102649,0.709142,-0.999902
0.785,0.707641,0.0100279,0.708435,-0.999992
0.786,0.708301,0.0133166,0.707732,-0.999982
0.787,0.708995,0.0140675,0.707025,-0.999872
0.788,0.709627,0.0174443,0.706316,-0.999662
0.789,0.710272,0.019771,0.705607,-0.999351
0.79,0.711042,0.0174157,0.704898,-0.998941
0.791,0.711809,0.0146608,0.704188,-0.998431
0.792,0.712518,0.0146277,0.70348,-0.997822
0.793,0.713243,0.0135425,0.702768,-0.997112
0.794,0.713926,0.0145641,0.702054,-0.996303
0.795,0.71467,0.0125998,0.701345,-0.995394
0.796,0.715368,0.0129704,0.700634,-0.994385
0.797,0.716099,0.0116431,0.699926,-0.993277
0.798,0.716749,0.0145543,0.699213,-0.99207
0.799,0.717449,0.014501,0.698495,-0.990764
0.8,0.718159,0.0139324,0.697778,-0.989358
0.801,0.718871,0.0131945,0.697061,-0.987854
0.802,0.719541,0.014557,0.696341,-0.986251
0.803,0.72022,0.0153687,0.695621,-0.984549
0.804,0.720945,0.0139104,0.6949,-0.982748
0.805,0.721685,0.0113593,0.69418,-0.98085
0.806,0.722373,0.0119563,0.693461,-0.978853
0.807,0.723089,0.0105835,0.69274,-0.976759
0.808,0.723796,0.00953082,0.692017,-0.974566
0.809,0.724456,0.0117621,0.691293,-0.972277
0.81,0.725152,0.0114186,0.690569,-0.96989
0.811,0.725831,0.0120359,0.689842,-0.967406
0.812,0.726526,0.0116494,0.689115,-0.964825
0.813,0.727186,0.0133732,0.688389,-0.962148
0.814,0.727899,0.0119422,0.687662,-0.959375
0.815,0.728548,0.0141248,0.686934,-0.956506
0.816,0.729214,0.015173,0.686205,-0.953541
0.817,0.729902,0.0151465,0.685478,-0.95048
0.818,0.730555,0.0166392,0.684747,-0.947325
0.819,0.731179,0.0190957,0.684016,-0.944075
0.82,0.731849,0.0196278,0.683286,-0.940731
0.821,0.732515,0.0204172,0.682557,-0.937292
0.822,0.733259,0.0180057,0.681824,-0.93376
0.823,0.733937,0.0182768,0.681093,-0.930134
0.824,0.734645,0.0171936,0.680359,-0.926415
0.825,0.735315,0.0176118,0.679625,-0.922604
0.826,0.735999,0.0175119,0.678891,-0.918701
0.827,0.736679,0.0174254,0.678154,-0.914705
0.828,0.737424,0.0143507,0.677418,-0.910618
0.829,0.738109,0.0140483,0.676682,-0.90644
0.83,0.738785,0.0140399,0.675943,-0.902172
0.831,0.739447,0.0148537,0.675206,-0.897813
0.832,0.740098,0.0163328,0.674473,-0.893364
0.833,0.740834,0.0133609,0.673735,-0.888827
0.834,0.741494,0.0140955,0.672994,-0.8842
0.835,0.742187,0.0130432,0.672253,-0.879484
0.836,0.742859,0.0130213,0.67151,-0.874681
0.837,0.743474,0.0159373,0.670768,-0.869791
0.838,0.744187,0.0139439,0.670027,-0.864813
0.839,0.744919,0.0104571,0.669287,-0.859749
0.84,0.745615,0.00842679,0.668542,-0.854599
0.841,0.74629,0.00816138,0.667799,-0.849363
0.842,0.746989,0.00528683,0.667058,-0.844043
0.843,0.747619,0.00912231,0.666311,-0.838638
0.844,0.74828,0.00953961,0.665564,-0.833149
0.845,0.748943,0.00958003,0.664814,-0.827577
0.846,0.749588,0.0110353,0.664065,-0.821922
0.847,0.75023,0.0125225,0.663316,-0.816185
0.848,0.750903,0.0119077,0.662566,-0.810367
0.849,0.75153,0.0141564,0.661818,-0.804467
0.85,0.752251,0.0105123,0.661066,-0.798487
0.851,0.752914,0.0104445,0.660314,-0.792427
0.852,0.753504,0.0146284,0.659561,-0.786288
0.853,0.754203,0.0124847,0.658808,-0.78007
0.854,0.75485,0.0131827,0.658054,-0.773774
0.855,0.755464,0.0157084,0.657303,-0.767401
0.856,0.756127,0.0154251,0.656547,-0.760951
0.857,0.756782,0.0154789,0.655791,-0.754425
0.858,0.757449,0.0152198,0.655039,-0.747824
0.859,0.758075,0.0166789,0.654283,-0.741147
0.86,0.758764,0.0149636,0.653524,-0.734397
0.861,0.759462,0.0125137,0.652766,-0.727573
0.862,0.760073,0.0148272,0.652006,-0.720677
0.863,0.76079,0.010957,0.651246,-0.713708
0.864,0.761411,0.012916,0.650485,-0.706668
0.865,0.762038,0.0142116,0.649723,-0.699557
0.866,0.762708,0.013048,0.648961,-0.692377
0.867,0.763355,0.0131698,0.648198,-0.685127
0.868,0.764017,0.0124405,0.647436,-0.677809
0.869,0.764646,0.0135428,0.646673,-0.670422
0.87,0.765278,0.0143493,0.645908,-0.662969
0.871,0.765892,0.0159185,0.645142,-0.65545
0.872,0.766536,0.0160119,0.644377,-0.647865
0.873,0.767074,0.0204137,0.643608,-0.640215
0.874,0.767769,0.018355,0.642841,-0.632501
0.875,0.768438,0.0172728,0.642074,-0.624724
0.876,0.769024,0.0197095,0.641308,-0.616884
0.877,0.76972,0.0175641,0.640541,-0.608983
0.878,0.770376,0.0168582,0.639771,-0.601021
0.879,0.770995,0.0177053,0.638999,-0.592999
0.88,0.771658,0.0166843,0.638229,-0.584917
0.881,0.77232,0.0156592,0.637459,-0.576777
0.882,0.772989,0.0140875,0.636688,-0.568579
0.883,0.773603,0.0151891,0.635913,-0.560325
0.884,0.774298,0.0117738,0.63514,-0.552014
0.885,0.774941,0.0114329,0.634367,-0.543648
0.886,0.775621,0.00795268,0.633595,-0.535228
0.887,0.776241,0.00925279,0.632819,-0.526755
0.888,0.776851,0.0110117,0.632043,-0.518228
0.889,0.777492,0.0103363,0.631266,-0.50965
0.89,0.778128,0.0101721,0.630491,-0.501021
0.891,0.778754,0.0107275,0.629715,-0.492342
0.892,0.779363,0.0122585,0.628937,-0.483613
0.893,0.779978,0.0130885,0.628158,-0.474836
0.894,0.780654,0.00964657,0.627376,-0.466012
0.895,0.781308,0.00748036,0.626598,-0.457141
0.896,0.78193,0.00795149,0.625817,-0.448224
0.897,0.782552,0.00863934,0.625038,-0.439263
0.898,0.783203,0.00573403,0.624254,-0.430257
0.899,0.783835,0.00473302,0.623472,-0.421209
0.9,0.784436,0.00764548,0.622688,-0.412118
0.901,0.785074,0.00596894,0.621905,-0.402987
0.902,0.785698,0.00614587,0.621123,-0.393815
0.903,0.786314,0.00691223,0.620337,-0.384603
0.904,0.786925,0.00802249,0.619552,-0.375353
0.905,0.787543,0.00803094,0.618764,-0.366066
0.906,0.788166,0.00756646,0.617976,-0.356742
0.907,0.788766,0.00925822,0.617189,-0.347382
0.908,0.78939,0.00855371,0.616399,-0.337988
0.909,0.789986,0.010354,0.61561,-0.328559
0.91,0.790601,0.0106622,0.614822,-0.319098
0.911,0.791205,0.0114901,0.614032,-0.309605
0.912,0.791843,0.00965,0.613241,-0.300081
0.913,0.792434,0.0114166,0.61245,-0.290527
0.914,0.792972,0.0160155,0.611662,-0.280944
0.915,0.793491,0.020193,0.610871,-0.271333
0.916,0.79416,0.0179071,0.61008,-0.261695
0.917,0.794753,0.018872,0.60929,-0.252031
0.918,0.795325,0.0204536,0.608496,-0.242341
0.919,0.795989,0.0181529,0.6077,-0.232627
0.92,0.796634,0.0163021,0.606903,-0.22289
0.921,0.797222,0.0171497,0.606105,-0.21313
0.922,0.797856,0.0162336,0.605315,-0.20335
0.923,0.798454,0.0166043,0.604517,-0.193549
0.924,0.799059,0.0165853,0.603719,-0.183728
0.925,0.799522,0.0225144,0.602923,-0.173889
0.926,0.800051,0.0249852,0.602123,-0.164033
0.927,0.800564,0.0276889,0.601323,-0.154161
0.928,0.801181,0.0272259,0.600522,-0.144273
0.929,0.801814,0.0262188,0.59972,-0.13437
0.93,0.80246,0.0247301,0.598918,-0.124454
0.931,0.802942,0.0282443,0.598114,-0.114526
0.932,0.803476,0.0300673,0.597313,-0.104586
0.933,0.804171,0.0272967,0.596509,-0.0946361
0.934,0.804798,0.0266212,0.59571,-0.0846764
0.935,0.805422,0.0256934,0.594904,-0.0747083
0.936,0.806073,0.023872,0.594098,-0.0647327
0.937,0.806728,0.0217082,0.593292,-0.0547506
0.938,0.807309,0.0221762,0.592486,-0.044763
0.939,0.807939,0.0207636,0.591678,-0.034771
0.94,0.808531,0.0207482,0.590871,-0.0247754
0.941,0.809018,0.0244726,0.590062,-0.0147774
0.942,0.80947,0.0288304,0.589257,-0.00477794
0.943,0.810117,0.0274189,0.588454,0.00522202
0.944,0.810684,0.0280541,0.587644,0.0152215
0.945,0.811306,0.0270505,0.586834,0.0252194
0.946,0.811732,0.0315015,0.586022,0.0352148
0.947,0.81237,0.0301087,0.58521,0.0452066
0.948,0.812917,0.0311572,0.584398,0.055194
0.949,0.813624,0.0279452,0.58359,0.0651758
0.95,0.814183,0.028652,0.582776,0.0751511
0.951,0.814737,0.0295069,0.581963,0.0851189
0.952,0.815255,0.0312124,0.581148,0.0950782
0.953,0.815674,0.0352054,0.580333,0.105028
0.954,0.816093,0.0387736,0.579518,0.114967
0.955,0.816881,0.0341195,0.578702,0.124895
0.956,0.817644,0.0293697,0.577885,0.13481
0.957,0.818312,0.0267246,0.577067,0.144712
0.958,0.818956,0.024665,0.576251,0.154599
0.959,0.819518,0.0251137,0.575431,0.164471
0.96,0.819984,0.028448,0.574611,0.174327
0.961,0.820659,0.0254785,0.573793,0.184165
0.962,0.821289,0.0237046,0.572974,0.193984
0.963,0.82196,0.0200683,0.572154,0.203785
0.964,0.822542,0.0196688,0.571332,0.213564
0.965,0.823056,0.0219282,0.57051,0.223323
0.966,0.823588,0.0233503,0.569687,0.233059
0.967,0.824169,0.0231779,0.568868,0.242772
0.968,0.824855,0.0188945,0.568049,0.25246
0.969,0.825419,0.0191145,0.567225,0.262124
0.97,0.825922,0.0217275,0.566399,0.271761
0.971,0.826483,0.0221503,0.565578,0.281371
0.972,0.82704,0.0225923,0.564753,0.290952
0.973,0.827553,0.0243744,0.563926,0.300505
0.974,0.828037,0.0270291,0.5631,0.310028
0.975,0.828572,0.0278247,0.562271,0.319519
0.976,0.829202,0.0257555,0.561443,0.328979
0.977,0.829839,0.0231945,0.560613,0.338406
0.978,0.83042,0.0224586,0.559783,0.347799
0.979,0.830981,0.0224202,0.558953,0.357157
0.98,0.831553,0.0220729,0.558125,0.366479
0.981,0.832141,0.0211388,0.557297,0.375765
0.982,0.83268,0.0217564,0.556463,0.385013
0.983,0.833097,0.0265868,0.555631,0.394223
0.984,0.833648,0.0267673,0.554798,0.403393
0.985,0.834138,0.0287593,0.553966,0.412523
0.986,0.83475,0.0270325,0.553132,0.421612
0.987,0.835273,0.0279577,0.552297,0.430658
0.988,0.835885,0.0260937,0.551462,0.439662
0.989,0.836267,0.0310547,0.550626,0.448621
0.99,0.836766,0.0325467,0.549794,0.457536
0.991,0.837409,0.0301496,0.548959,0.466405
0.992,0.837943,0.0305279,0.548121,0.475227
0.993,0.83855,0.0289295,0.547284,0.484002
0.994,0.839231,0.0247874,0.546447,0.492728
0.995,0.839858,0.0218646,0.545607,0.501405
0.996,0.840337,0.0243253,0.544767,0.510032
0.997,0.840904,0.0235504,0.543927,0.518608
0.998,0.841414,0.0248505,0.543088,0.527132
0.999,0.84201,0.022928,0.542246,0.535603
1,0.842437,0.0268457,0.541405,0.544021
1.001,0.843078,0.0235355,0.540562,0.552384
1.002,0.843627,0.0232541,0.539719,0.560693
1.003,0.844233,0.0206945,0.538876,0.568945
1.004,0.844668,0.0245426,0.538031,0.57714
1.005,0.845155,0.0263519,0.537188,0.585277
1.006,0.845695,0.0262369,0.536343,0.593356
1.007,0.846236,0.0261148,0.535498,0.601376
1.008,0.846795,0.0253384,0.534652,0.609335
1.009,0.847368,0.0240125,0.533805,0.617234
1.01,0.84783,0.0264242,0.532957,0.625071
1.011,0.848304,0.0283665,0.532112,0.632845
1.012,0.848922,0.025684,0.531264,0.640556
1.013,0.849379,0.0280893,0.530416,0.648203
1.014,0.84978,0.0317722,0.529567,0.655785
1.015,0.850328,0.0312577,0.528717,0.663302
1.016,0.850837,0.031786,0.527866,0.670752
1.017,0.851439,0.0298003,0.527017,0.678135
1.018,0.851948,0.03029,0.526165,0.68545
1.019,0.852442,0.0311591,0.525313,0.692697
1.02,0.852883,0.0333812,0.52446,0.699875
1.021,0.853542,0.0297425,0.523607,0.706982
1.022,0.854182,0.0262952,0.522755,0.714019
1.023,0.85469,0.0267954,0.521901,0.720985
1.024,0.855205,0.0270559,0.521048,0.727878
1.025,0.855822,0.0238099,0.520192,0.734698
1.026,0.856315,0.0247833,0.519336,0.741446
1.027,0.856758,0.027309,0.51848,0.748118
1.028,0.857231,0.0286956,0.517624,0.754717
1.029,0.857732,0.0293553,0.51677,0.761239
1.03,0.858291,0.0281006,0.515912,0.767686
1.031,0.858643,0.0327228,0.515054,0.774056
1.032,0.859132,0.0333885,0.514195,0.780348
1.033,0.859732,0.0310956,0.513336,0.786562
1.034,0.860112,0.0346633,0.512478,0.792698
1.035,0.8606,0.0353072,0.511619,0.798754
1.036,0.861115,0.0352335,0.510758,0.804731
1.037,0.86159,0.036104,0.509898,0.810627
1.038,0.86219,0.0338975,0.509036,0.816442
1.039,0.862783,0.0316725,0.508174,0.822175
1.04,0.863225,0.0334217,0.507311,0.827826
1.041,0.863707,0.0340639,0.506448,0.833395
1.042,0.86408,0.037304,0.505584,0.83888
1.043,0.864691,0.0349144,0.504723,0.844281
1.044,0.865259,0.0333357,0.503859,0.849598
1.045,0.86586,0.0307021,0.502994,0.854829
1.046,0.866317,0.0319715,0.502128,0.859976
1.047,0.866758,0.0336196,0.501262,0.865036
1.048,0.867265,0.0335621,0.500397,0.87001
1.049,0.867662,0.0361112,0.49953,0.874896
1.05,0.868203,0.0351049,0.498662,0.879696
1.051,0.868818,0.0321113,0.497794,0.884407
1.052,0.8693,0.0325402,0.496925,0.88903
1.053,0.869754,0.0337216,0.496057,0.893564
1.054,0.870276,0.0330369,0.495187,0.898009
1.055,0.870777,0.0328917,0.494317,0.902363
1.056,0.871308,0.0320496,0.493449,0.906628
1.057,0.871836,0.0311528,0.492579,0.910802
1.058,0.872206,0.034511,0.491709,0.914885
1.059,0.872748,0.0332803,0.490839,0.918876
1.06,0.873286,0.0320218,0.489966,0.922775
1.061,0.873892,0.0285738,0.48909,0.926583
1.062,0.874276,0.0316942,0.488218,0.930297
1.063,0.874878,0.0283844,0.487344,0.933919
1.064,0.875187,0.0335082,0.486471,0.937447
1.065,0.875821,0.0294491,0.485596,0.940881
1.066,0.876267,0.0306549,0.484722,0.944221
1.067,0.876776,0.029946,0.483845,0.947467
1.068,0.877164,0.0326981,0.48297,0.950618
1.069,0.877546,0.0352802,0.482092,0.953674
1.07,0.877964,0.036862,0.481215,0.956635
1.071,0.878482,0.0359885,0.480337,0.9595
1.072,0.878957,0.0362674,0.479462,0.962269
1.073,0.879367,0.0379223,0.478584,0.964942
1.074,0.879723,0.0407011,0.477705,0.967518
1.075,0.880133,0.0421319,0.476825,0.969998
1.076,0.880683,0.0407338,0.475949,0.97238
1.077,0.881189,0.0401237,0.47507,0.974666
1.078,0.881544,0.0426649,0.474188,0.976854
1.079,0.881974,0.0436441,0.473308,0.978944
1.08,0.882478,0.043071,0.472428,0.980936
1.081,0.88299,0.0422694,0.471546,0.98283
1.082,0.883508,0.0413009,0.470663,0.984626
1.083,0.883888,0.0432427,0.469781,0.986324
1.084,0.884125,0.0477171,0.468895,0.987923
1.085,0.884454,0.0502542,0.468012,0.989423
1.086,0.885038,0.0481591,0.467127,0.990824
1.087,0.885473,0.0487407,0.466242,0.992126
1.088,0.885916,0.0491701,0.465357,0.993329
1.089,0.886318,0.0503068,0.464471,0.994432
1.09,0.886713,0.0515089,0.463585,0.995436
1.091,0.887272,0.0498321,0.462697,0.996341
1.092,0.887596,0.0522686,0.461811,0.997146
1.093,0.88811,0.0513739,0.460923,0.997851
1.094,0.888423,0.0538975,0.460037,0.998456
1.095,0.888803,0.0551801,0.459147,0.998962
1.096,0.889211,0.0559924,0.458258,0.999367
1.097,0.8899,0.0522236,0.45737,0.999673
1.098,0.89042,0.0512757,0.456484,0.999879
1.099,0.890585,0.0561493,0.455595,0.999984
1.1,0.890761,0.0605079,0.454708,0.99999
1.101,0.89145,0.0569552,0.453817,0.999896
1.102,0.892164,0.0527349,0.452925,0.999702
1.103,0.89262,0.0526604,0.452033,0.999407
1.104,0.893071,0.0527549,0.451142,0.999013
1.105,0.893436,0.0542159,0.45025,0.998519
1.106,0.894025,0.0518793,0.449356,0.997925
1.107,0.894576,0.0501506,0.448464,0.997232
1.108,0.894919,0.0520017,0.447569,0.996438
1.109,0.89552,0.0492743,0.446674,0.995545
1.11,0.895816,0.0519846,0.44578,0.994553
1.111,0.896195,0.0531464,0.444884,0.993461
1.112,0.896804,0.0502943,0.443988,0.992269
1.113,0.896949,0.0553945,0.443092,0.990978
1.114,0.897304,0.0567774,0.442195,0.989589
1.115,0.897399,0.0620588,0.441299,0.9881
1.116,0.897972,0.0602135,0.440404,0.986513
1.117,0.898307,0.0618274,0.439508,0.984826
1.118,0.898869,0.0600966,0.438612,0.983042
1.119,0.899305,0.0601702,0.437715,0.981159
1.12,0.899681,0.061073,0.436815,0.979178
1.121,0.900469,0.0556274,0.435914,0.977099
1.122,0.900917,0.0554831,0.435015,0.974922
1.123,0.901257,0.0569972,0.434114,0.972648
1.124,0.901524,0.0596256,0.433214,0.970276
1.125,0.901966,0.0595006,0.432313,0.967808
1.126,0.902421,0.0591803,0.431412,0.965243
1.127,0.903024,0.0565015,0.430509,0.962581
1.128,0.903228,0.0599999,0.429606,0.959823
1.129,0.903581,0.061141,0.428703,0.956969
1.13,0.903911,0.0625408,0.427798,0.954019
1.131,0.904189,0.0646753,0.426894,0.950974
1.132,0.904474,0.0666287,0.42599,0.947834
1.133,0.90492,0.0663914,0.425087,0.944599
1.134,0.905315,0.0668296,0.424183,0.94127
1.135,0.905835,0.0655227,0.423278,0.937846
1.136,0.906145,0.0671132,0.422373,0.934329
1.137,0.906504,0.0679865,0.421468,0.930718
1.138,0.907021,0.0667038,0.420562,0.927014
1.139,0.907557,0.0652549,0.419659,0.923217
1.14,0.908077,0.0638869,0.418753,0.919329
1.141,0.908325,0.0662769,0.417845,0.915348
1.142,0.908762,0.0659971,0.416936,0.911275
1.143,0.909373,0.0632599,0.416027,0.907112
1.144,0.909713,0.0643362,0.415117,0.902858
1.145,0.910244,0.0627003,0.414209,0.898513
1.146,0.910559,0.0641703,0.4133,0.894079
1.147,0.911294,0.0594666,0.41239,0.889555
1.148,0.911783,0.0582727,0.411478,0.884943
1.149,0.912314,0.0565481,0.410572,0.880241
1.15,0.912711,0.0567807,0.40966,0.875452
1.151,0.913199,0.0555019,0.408747,0.870575
1.152,0.913634,0.0550587,0.407833,0.865612
1.153,0.913883,0.057652,0.40692,0.860561
1.154,0.914173,0.0594742,0.406007,0.855425
1.155,0.914432,0.0616907,0.405093,0.850203
1.156,0.914849,0.0614944,0.404177,0.844896
1.157,0.91513,0.0633302,0.403264,0.839504
1.158,0.915574,0.0627503,0.402349,0.834029
1.159,0.91599,0.0626364,0.401436,0.82847
1.16,0.91635,0.0632714,0.400521,0.822829
1.161,0.916537,0.0662592,0.399604,0.817105
1.162,0.917023,0.0651096,0.398689,0.811299
1.163,0.917445,0.0648048,0.397772,0.805412
1.164,0.918176,0.0599053,0.396855,0.799445
1.165,0.918652,0.0587886,0.39594,0.793398
1.166,0.919094,0.0580822,0.395021,0.787271
1.167,0.919548,0.057179,0.394103,0.781066
1.168,0.920245,0.0520619,0.393183,0.774782
1.169,0.920832,0.0485389,0.392264,0.768421
1.17,0.921283,0.0474622,0.391344,0.761984
1.171,0.921766,0.0456855,0.390423,0.75547
1.172,0.922208,0.0447332,0.389503,0.74888
1.173,0.922401,0.0486683,0.388583,0.742216
1.174,0.92301,0.0443016,0.38766,0.735477
1.175,0.923248,0.0473213,0.386737,0.728665
1.176,0.923811,0.0438759,0.385816,0.72178
1.177,0.924251,0.0426951,0.384892,0.714823
1.178,0.924668,0.041989,0.383968,0.707794
1.179,0.924936,0.0445115,0.383044,0.700695
1.18,0.925492,0.0408881,0.382121,0.693525
1.181,0.926011,0.0376651,0.381196,0.686286
1.182,0.926343,0.0388168,0.380269,0.678979
1.183,0.926728,0.0387272,0.379343,0.671603
1.184,0.927064,0.039767,0.378417,0.664161
1.185,0.927502,0.0382544,0.377488,0.656652
1.186,0.927918,0.0373323,0.376561,0.649077
1.187,0.928408,0.0344269,0.375633,0.641438
1.188,0.928788,0.0345337,0.374708,0.633734
1.189,0.9292,0.0335017,0.373779,0.625967
1.19,0.92961,0.0324619,0.37285,0.618137
1.191,0.929997,0.0320399,0.37192,0.610246
1.192,0.930401,0.0311033,0.37099,0.602293
1.193,0.930855,0.0285823,0.370061,0.59428
1.194,0.931256,0.0276321,0.369131,0.586208
1.195,0.931643,0.0270736,0.3682,0.578077
1.196,0.932113,0.0233075,0.367268,0.569889
1.197,0.932484,0.0231749,0.366336,0.561643
1.198,0.932833,0.0238951,0.365404,0.553342
1.199,0.933203,0.0237969,0.364472,0.544984
1.2,0.933555,0.0243133,0.363539,0.536573
1.201,0.933904,0.0248808,0.362606,0.528108
1.202,0.934295,0.0240682,0.361675,0.51959
1.203,0.934691,0.0227207,0.360741,0.51102
1.204,0.934987,0.0253773,0.359807,0.502399
1.205,0.935246,0.0288443,0.358872,0.493727
1.206,0.935633,0.0279607,0.357937,0.485007
1.207,0.935994,0.0279663,0.357003,0.476237
1.208,0.936322,0.0288446,0.356066,0.46742
1.209,0.936517,0.0337259,0.355131,0.458557
1.21,0.936898,0.03334,0.354199,0.449647
1.211,0.937277,0.0325321,0.353261,0.440693
1.212,0.937535,0.0351807,0.352324,0.431695
1.213,0.937815,0.0370387,0.351386,0.422653
1.214,0.938245,0.0349865,0.350448,0.413569
1.215,0.938592,0.0351652,0.349511,0.404444
1.216,0.939137,0.0296512,0.348574,0.395278
1.217,0.93936,0.0334385,0.347635,0.386073
1.218,0.939762,0.0318984,0.346697,0.376829
1.219,0.940232,0.0280729,0.345757,0.367548
1.22,0.940648,0.0256496,0.344817,0.358229
1.221,0.94101,0.0249647,0.343876,0.348875
1.222,0.941222,0.0295175,0.342935,0.339486
1.223,0.941549,0.0301057,0.341995,0.330063
1.224,0.941928,0.0289046,0.341053,0.320607
1.225,0.942269,0.0289262,0.340111,0.311119
1.226,0.942706,0.0259536,0.339173,0.3016
1.227,0.943035,0.0263159,0.33823,0.292051
1.228,0.94342,0.0246059,0.337287,0.282473
1.229,0.943687,0.0272498,0.336345,0.272866
1.23,0.943981,0.0286801,0.335401,0.263232
1.231,0.944315,0.0288223,0.334458,0.253571
1.232,0.944738,0.025748,0.333514,0.243886
1.233,0.945056,0.0263071,0.332569,0.234176
1.234,0.945287,0.029758,0.331624,0.224442
1.235,0.945691,0.0273494,0.330679,0.214686
1.236,0.946011,0.0277022,0.329733,0.204909
1.237,0.94639,0.0259708,0.328787,0.195111
1.238,0.946811,0.0227967,0.327844,0.185294
1.239,0.947141,0.0228223,0.326898,0.175458
1.24,0.947342,0.0275758,0.325951,0.165604
1.241,0.94758,0.0304712,0.325004,0.155734
1.242,0.947843,0.0323203,0.324056,0.145849
1.243,0.948083,0.0346468,0.323108,0.135948
1.244,0.94848,0.0325616,0.32216,0.126035
1.245,0.948805,0.0325313,0.321212,0.116108
1.246,0.949038,0.0349916,0.320263,0.10617
1.247,0.949374,0.0346378,0.319315,0.0962215
1.248,0.949484,0.0399599,0.318366,0.0862633
1.249,0.949991,0.0351366,0.317415,0.0762964
1.25,0.950297,0.0354365,0.316465,0.0663219
1.251,0.950688,0.0333828,0.315515,0.0563408
1.252,0.951007,0.0332866,0.314564,0.046354
1.253,0.951301,0.0338712,0.313613,0.0363626
1.254,0.951676,0.0320922,0.312662,0.0263676
1.255,0.951997,0.0318499,0.31171,0.0163699
1.256,0.952308,0.0318562,0.310758,0.00637057
1.257,0.95258,0.0329871,0.309806,-0.00362938
1.258,0.952942,0.0314213,0.308853,-0.013629
1.259,0.953353,0.0282474,0.307901,-0.0236272
1.26,0.953669,0.0280411,0.306948,-0.033623
1.261,0.954008,0.0269773,0.305995,-0.0436155
1.262,0.954308,0.0274005,0.305043,-0.0536037
1.263,0.95462,0.0271874,0.304089,-0.0635865
1.264,0.954948,0.0264006,0.303135,-0.0735629
1.265,0.955218,0.0277806,0.302181,-0.0835319
1.266,0.955415,0.0311533,0.301226,-0.0934926
1.267,0.955735,0.0305855,0.300271,-0.103444
1.268,0.955924,0.0339782,0.299316,-0.113385
1.269,0.956204,0.034551,0.298361,-0.123315
1.27,0.956427,0.0366395,0.297405,-0.133232
1.271,0.956598,0.0397933,0.296449,-0.143136
1.272,0.956925,0.0390174,0.295492,-0.153026
1.273,0.957428,0.0336017,0.294535,-0.1629
1.274,0.957721,0.0337449,0.293579,-0.172758
1.275,0.958033,0.0332074,0.292621,-0.182599
1.276,0.958096,0.0394262,0.291665,-0.192422
1.277,0.958359,0.0401536,0.290707,-0.202225
1.278,0.9587,0.0389541,0.289749,-0.212008
1.279,0.959128,0.0355357,0.288792,-0.22177
1.28,0.959405,0.0358658,0.287833,-0.23151
1.281,0.959775,0.0336815,0.286875,-0.241226
1.282,0.960154,0.0309731,0.285915,-0.250919
1.283,0.960454,0.0305253,0.284955,-0.260586
1.284,0.960808,0.0282657,0.283994,-0.270228
1.285,0.961137,0.0267426,0.283034,-0.279842
1.286,0.961373,0.0283058,0.282072,-0.289428
1.287,0.961641,0.0287504,0.281111,-0.298986
1.288,0.96194,0.0282873,0.28015,-0.308513
1.289,0.962173,0.0298643,0.279188,-0.31801
1.29,0.962483,0.0288498,0.278226,-0.327474
1.291,0.962835,0.0271167,0.27727,-0.336907
1.292,0.963136,0.0262485,0.276307,-0.346305
1.293,0.963422,0.0259014,0.275344,-0.355669
1.294,0.963723,0.0250636,0.274382,-0.364997
1.295,0.964063,0.0225676,0.273419,-0.374289
1.296,0.964324,0.0232615,0.272456,-0.383543
1.297,0.964579,0.0240189,0.271492,-0.392759
1.298,0.96487,0.0232858,0.270528,-0.401935
1.299,0.965067,0.026099,0.269563,-0.411072
1.3,0.965205,0.0306297,0.268598,-0.420167
1.301,0.965398,0.0329466,0.267633,-0.42922
1.302,0.965615,0.0343871,0.266668,-0.438231
1.303,0.965865,0.0349721,0.265703,-0.447197
1.304,0.966134,0.0348853,0.264738,-0.456119
1.305,0.966376,0.0355128,0.263771,-0.464995
1.306,0.966843,0.0295569,0.262806,-0.473825
1.307,0.966984,0.0333188,0.261839,-0.482607
1.308,0.967305,0.0315242,0.260872,-0.491342
1.309,0.967702,0.0270186,0.259904,-0.500027
1.31,0.968038,0.02414,0.258936,-0.508661
1.311,0.968303,0.0238597,0.257968,-0.517246
1.312,0.968573,0.023585,0.257001,-0.525778
1.313,0.968806,0.0244643,0.256032,-0.534258
1.314,0.969058,0.0246076,0.255063,-0.542684
1.315,0.96931,0.0246912,0.254094,-0.551056
1.316,0.969624,0.0222759,0.253125,-0.559373
1.317,0.969802,0.0253612,0.252156,-0.567634
1.318,0.970057,0.025209,0.251186,-0.575838
1.319,0.970259,0.0270987,0.250216,-0.583985
1.32,0.970485,0.0279524,0.249246,-0.592074
1.321,0.970694,0.0292416,0.248275,-0.600103
1.322,0.970922,0.0299682,0.247304,-0.608072
1.323,0.971251,0.027287,0.246334,-0.61598
1.324,0.971423,0.0298239,0.245363,-0.623827
1.325,0.971738,0.0275807,0.244392,-0.631611
1.326,0.972057,0.0248343,0.243421,-0.639332
1.327,0.97242,0.0196391,0.242449,-0.646989
1.328,0.972678,0.0185841,0.241475,-0.654582
1.329,0.972909,0.0193125,0.240503,-0.662109
1.33,0.973156,0.0193223,0.239532,-0.66957
1.331,0.973375,0.0204138,0.238559,-0.676964
1.332,0.973631,0.0196972,0.237587,-0.68429
1.333,0.973779,0.0236839,0.236613,-0.691548
1.334,0.97402,0.0234778,0.235639,-0.698736
1.335,0.974298,0.0217308,0.234665,-0.705855
1.336,0.974564,0.0202514,0.233691,-0.712903
1.337,0.974823,0.0194069,0.232718,-0.71988
1.338,0.975099,0.0171714,0.231744,-0.726785
1.339,0.975331,0.0171825,0.230769,-0.733617
1.34,0.975578,0.0161893,0.229793,-0.740376
1.341,0.975754,0.0192022,0.228818,-0.747061
1.342,0.975941,0.0214159,0.227843,-0.753671
1.343,0.97609,0.0252923,0.22687,-0.760206
1.344,0.976309,0.0254979,0.225894,-0.766664
1.345,0.976557,0.0246833,0.224918,-0.773046
1.346,0.976699,0.0280083,0.223943,-0.779351
1.347,0.976895,0.028977,0.222966,-0.785578
1.348,0.976979,0.0333153,0.221989,-0.791726
1.349,0.977248,0.0319782,0.221013,-0.797795
1.35,0.977567,0.0289335,0.220036,-0.803784
1.351,0.977824,0.0276544,0.219059,-0.809693
1.352,0.977947,0.0308844,0.218081,-0.815521
1.353,0.97817,0.0307469,0.217103,-0.821268
1.354,0.978206,0.0360433,0.216125,-0.826932
1.355,0.978352,0.0378334,0.215146,-0.832514
1.356,0.978487,0.0398073,0.214168,-0.838012
1.357,0.978723,0.039209,0.213189,-0.843426
1.358,0.97882,0.0420718,0.212211,-0.848757
1.359,0.978965,0.0435931,0.211232,-0.854002
1.36,0.979113,0.0449713,0.210253,-0.859162
1.361,0.979415,0.0429495,0.209274,-0.864236
1.362,0.979767,0.0395652,0.208294,-0.869223
1.363,0.979965,0.0398621,0.207315,-0.874124
1.364,0.980274,0.0372527,0.206335,-0.878937
1.365,0.980576,0.0347595,0.205355,-0.883663
1.366,0.980722,0.0364563,0.204375,-0.8883
1.367,0.981081,0.0319566,0.203394,-0.892848
1.368,0.981331,0.0305114,0.202413,-0.897307
1.369,0.981487,0.0319998,0.201432,-0.901676
1.37,0.981757,0.0298317,0.20045,-0.905955
1.371,0.98196,0.0300047,0.19947,-0.910143
1.372,0.982087,0.032257,0.198488,-0.91424
1.373,0.982248,0.033362,0.197506,-0.918246
1.374,0.98263,0.0273873,0.196524,-0.922161
1.375,0.982877,0.0254914,0.195541,-0.925982
1.376,0.982919,0.0308781,0.194558,-0.929712
1.377,0.983063,0.0325251,0.193576,-0.933348
1.378,0.983084,0.0375508,0.192594,-0.936891
1.379,0.983264,0.0380316,0.191612,-0.94034
1.38,0.983516,0.0364313,0.190629,-0.943696
1.381,0.983647,0.0380142,0.189645,-0.946957
1.382,0.983853,0.0376302,0.188662,-0.950123
1.383,0.984106,0.0358579,0.187678,-0.953194
1.384,0.984306,0.0355181,0.186694,-0.95617
1.385,0.984443,0.0368967,0.18571,-0.95905
1.386,0.984821,0.031421,0.184726,-0.961835
1.387,0.984914,0.0343021,0.183742,-0.964523
1.388,0.985223,0.0304813,0.182756,-0.967114
1.389,0.985549,0.0254318,0.181771,-0.969609
1.39,0.985636,0.028881,0.180786,-0.972008
1.391,0.985913,0.0253921,0.1798,-0.974308
1.392,0.986009,0.0283636,0.178814,-0.976512
1.393,0.986219,0.0275021,0.177829,-0.978618
1.394,0.98643,0.0263785,0.176843,-0.980625
1.395,0.986701,0.0225576,0.175857,-0.982535
1.396,0.986844,0.0239377,0.17487,-0.984347
1.397,0.987026,0.0235038,0.173882,-0.98606
1.398,0.98722,0.022924,0.172896,-0.987675
1.399,0.987272,0.0275922,0.171909,-0.98919
1.4,0.987323,0.0316209,0.170922,-0.990607
1.401,0.987725,0.0233443,0.169934,-0.991925
1.402,0.987952,0.0207768,0.168947,-0.993144
1.403,0.988127,0.020738,0.16796,-0.994263
1.404,0.988348,0.0180384,0.166972,-0.995283
1.405,0.988485,0.0197594,0.165984,-0.996203
1.406,0.988726,0.016086,0.164997,-0.997024
1.407,0.98889,0.0161329,0.164008,-0.997745
1.408,0.989031,0.0175615,0.163019,-0.998366
1.409,0.989252,0.0147219,0.162032,-0.998888
1.41,0.989384,0.0167858,0.161043,-0.999309
1.411,0.989439,0.022159,0.160054,-0.999631
1.412,0.989657,0.0196444,0.159065,-0.999853
1.413,0.989754,0.0225191,0.158075,-0.999974
1.414,0.989899,0.0231633,0.157086,-0.999996
1.415,0.98998,0.0263219,0.156096,-0.999918
1.416,0.990141,0.0261873,0.155107,-0.999739
1.417,0.990409,0.0215402,0.154117,-0.999461
1.418,0.990558,0.0217317,0.153126,-0.999083
1.419,0.990653,0.0243207,0.152136,-0.998605
1.42,0.99086,0.0220127,0.151145,-0.998027
1.421,0.990979,0.0235882,0.150155,-0.997349
1.422,0.991114,0.0242105,0.149164,-0.996571
1.423,0.991304,0.0224698,0.148173,-0.995694
1.424,0.991505,0.0203751,0.147183,-0.994717
1.425,0.991644,0.0208887,0.146192,-0.993641
1.426,0.991812,0.0199782,0.145201,-0.992466
1.427,0.99192,0.0219264,0.144209,-0.991191
1.428,0.991989,0.0251493,0.143217,-0.989817
1.429,0.992095,0.026589,0.142226,-0.988344
1.43,0.992235,0.0268535,0.141234,-0.986772
1.431,0.99226,0.0309711,0.140243,-0.985102
1.432,0.992572,0.0249349,0.13925,-0.983333
1.433,0.99266,0.0268682,0.138258,-0.981465
1.434,0.992779,0.0276545,0.137266,-0.9795
1.435,0.99291,0.0278772,0.136273,-0.977436
1.436,0.993118,0.0250795,0.135279,-0.975275
1.437,0.993269,0.0244699,0.134286,-0.973017
1.438,0.99337,0.0257358,0.133293,-0.970661
1.439,0.993558,0.0235774,0.1323,-0.968208
1.44,0.993585,0.0276532,0.131306,-0.965658
1.441,0.993598,0.0316159,0.130313,-0.963011
1.442,0.993689,0.0328286,0.129319,-0.960269
1.443,0.993747,0.0349427,0.128325,-0.95743
1.444,0.993993,0.0314073,0.127332,-0.954495
1.445,0.994035,0.0341063,0.126338,-0.951466
1.446,0.994182,0.0334866,0.125344,-0.94834
1.447,0.994359,0.0319463,0.12435,-0.945121
1.448,0.994512,0.0310763,0.123356,-0.941806
1.449,0.994698,0.0290771,0.122361,-0.938397
1.45,0.994798,0.0300399,0.121367,-0.934895
1.451,0.994936,0.0294099,0.120372,-0.931299
1.452,0.995054,0.0297935,0.119378,-0.92761
1.453,0.99506,0.0334146,0.118384,-0.923828
1.454,0.995111,0.0352898,0.117388,-0.919954
1.455,0.995273,0.0340221,0.116393,-0.915988
1.456,0.995405,0.0335606,0.115398,-0.91193
1.457,0.995554,0.0326746,0.114403,-0.907781
1.458,0.995576,0.0353637,0.113407,-0.903541
1.459,0.995739,0.0338988,0.112412,-0.899211
1.46,0.995826,0.0346998,0.111416,-0.894791
1.461,0.996015,0.0324471,0.110421,-0.890282
1.462,0.996238,0.0287995,0.109425,-0.885683
1.463,0.996434,0.0256452,0.108428,-0.880996
1.464,0.996496,0.0273796,0.107432,-0.876221
1.465,0.996599,0.0274795,0.106435,-0.871358
1.466,0.99677,0.0250707,0.105439,-0.866408
1.467,0.996931,0.022775,0.104442,-0.861371
1.468,0.996946,0.0263848,0.103445,-0.856249
1.469,0.997094,0.0246473,0.102448,-0.85104
1.47,0.997125,0.0273943,0.101451,-0.845747
1.471,0.997252,0.0264048,0.100454,-0.840369
1.472,0.997397,0.0246755,0.0994565,-0.834907
1.473,0.997497,0.0246724,0.0984592,-0.829361
1.474,0.997531,0.0271548,0.0974616,-0.823733
1.475,0.997566,0.0294492,0.0964644,-0.818022
1.476,0.997715,0.0276015,0.0954668,-0.812229
1.477,0.997828,0.0274434,0.0944704,-0.806355
1.478,0.998051,0.022122,0.0934721,-0.800401
1.479,0.998212,0.0189151,0.0924742,-0.794366
1.48,0.998273,0.0205832,0.0914762,-0.788252
1.481,0.998339,0.0219134,0.0904782,-0.782059
1.482,0.998434,0.0217265,0.0894798,-0.775788
1.483,0.998548,0.0205687,0.0884813,-0.76944
1.484,0.998655,0.0197995,0.087483,-0.763014
1.485,0.998799,0.0167469,0.0864844,-0.756512
1.486,0.99891,0.0152719,0.0854857,-0.749935
1.487,0.998979,0.0164759,0.084487,-0.743282
1.488,0.999,0.0206295,0.0834892,-0.736555
1.489,0.998989,0.0247532,0.0824902,-0.729755
1.49,0.999052,0.025819,0.0814918,-0.722881
1.491,0.999184,0.0237206,0.0804926,-0.715936
1.492,0.999187,0.0267472,0.0794934,-0.708918
1.493,0.999083,0.0328801,0.0784942,-0.70183
1.494,0.999145,0.0334529,0.0774954,-0.694672
1.495,0.999283,0.031561,0.0764961,-0.687444
1.496,0.999311,0.0330414,0.0754968,-0.680147
1.497,0.999336,0.0346234,0.0744978,-0.672782
1.498,0.999347,0.036515,0.0734987,-0.665351
1.499,0.9993,0.0396532,0.0724994,-0.657852
1.5,0.999323,0.040991,0.0715004,-0.650288
1.501,0.999367,0.0416673,0.0705012,-0.642659
1.502,0.999245,0.0459622,0.0695017,-0.634965
1.503,0.999242,0.047538,0.0685025,-0.627208
1.504,0.999174,0.0503188,0.0675033,-0.619388
1.505,0.999309,0.0489531,0.0665041,-0.611507
1.506,0.999271,0.0510669,0.0655049,-0.603564
1.507,0.999311,0.0515664,0.0645057,-0.595561
1.508,0.999272,0.0536199,0.0635067,-0.587498
1.509,0.999089,0.0580176,0.0625074,-0.579376
1.51,0.999106,0.0587849,0.0615084,-0.571197
1.511,0.998966,0.0621721,0.0605096,-0.56296
1.512,0.999103,0.0609267,0.0595106,-0.554667
1.513,0.999152,0.0610642,0.0585114,-0.546319
1.514,0.999388,0.0581078,0.0575121,-0.537916
1.515,0.999261,0.0611919,0.0565128,-0.529459
1.516,0.99931,0.0614581,0.0555141,-0.52095
1.517,0.999662,0.0564545,0.0545147,-0.512388
1.518,0.99973,0.0562096,0.053515,-0.503775
1.519,0.999705,0.0576719,0.0525156,-0.495112
1.52,0.999506,0.0619445,0.0515162,-0.486399
1.521,0.999616,0.0610034,0.0505167,-0.477637
1.522,0.999796,0.0589122,0.0495172,-0.468828
1.523,0.999618,0.0626089,0.0485174,-0.459972
1.524,0.999546,0.0644974,0.0475178,-0.451069
1.525,0.999634,0.0638767,0.0465183,-0.442122
1.526,0.999548,0.065888,0.0455186,-0.433131
1.527,0.999378,0.0691324,0.0445192,-0.424096
1.528,0.999104,0.0735787,0.0435199,-0.415019
1.529,0.999175,0.073193,0.0425207,-0.4059
1.53,0.999367,0.0711988,0.0415216,-0.396741
1.531,0.999674,0.0673578,0.0405221,-0.387542
1.532,0.999667,0.0680678,0.0395225,-0.378304
1.533,0.999941,0.0645511,0.0385228,-0.369028
1.534,1.00013,0.0622867,0.0375229,-0.359716
1.535,0.999985,0.0650756,0.0365228,-0.350367
1.536,1.00016,0.0630626,0.035523,-0.340984
1.537,1.00037,0.0602382,0.0345228,-0.331566
1.538,1.00023,0.0630819,0.0335225,-0.322116
1.539,1.00024,0.0633901,0.0325224,-0.312633
1.54,1.00047,0.0602776,0.0315222,-0.303118
1.541,1.00067,0.0573879,0.0305217,-0.293574
1.542,1.00078,0.0560365,0.029521,-0.284
1.543,1.00061,0.0594999,0.0285204,-0.274398
1.544,1.00074,0.0579079,0.0275198,-0.264768
1.545,1.00093,0.0550607,0.026519,-0.255112
1.546,1.001,0.0541996,0.025518,-0.24543
1.547,1.00114,0.0521943,0.024517,-0.235724
1.548,1.00095,0.0561047,0.0235159,-0.225994
1.549,1.00096,0.0563324,0.0225151,-0.216242
1.55,1.00132,0.0502275,0.0215141,-0.206467
1.551,1.00133,0.0503247,0.0205128,-0.196673
1.552,1.00135,0.0503241,0.0195114,-0.186858
1.553,1.00115,0.0545927,0.0185103,-0.177025
1.554,1.00112,0.0555481,0.0175092,-0.167175
1.555,1.00109,0.0563174,0.0165081,-0.157307
1.556,1.00136,0.0518386,0.0155069,-0.147424
1.557,1.00145,0.0503309,0.0145055,-0.137526
1.558,1.00132,0.0530969,0.0135042,-0.127614
1.559,1.00094,0.0600065,0.012503,-0.11769
1.56,1.00111,0.0574184,0.011502,-0.107754
1.561,1.00105,0.0584765,0.010501,-0.0978067
1.562,1.00073,0.063895,0.00950009,-0.0878499
1.563,1.00087,0.0618876,0.00849933,-0.0778843
1.564,1.00061,0.0661235,0.00749863,-0.067911
1.565,1.0005,0.0678045,0.00649801,-0.0579308
1.566,1.00029,0.0709803,0.00549761,-0.0479449
1.567,1.00034,0.0703319,0.00449725,-0.0379541
1.568,1.0005,0.0680706,0.00349687,-0.0279596
1.569,1.00037,0.0698763,0.00249636,-0.0179623
1.57,1.00053,0.0676349,0.00149587,-0.00796318
