time,x,y,z
0,0,0,1
0.01,2.94997e-05,-0.00999978,0.99995
0.02,0.000117995,-0.0199982,0.9998
0.03,0.000265473,-0.0299939,0.99955
0.04,0.000471915,-0.0399856,0.9992
0.05,0.000737293,-0.0499719,0.99875
0.06,0.00106157,-0.0599515,0.998201
0.07,0.0014447,-0.069923,0.997551
0.08,0.00188664,-0.079885,0.996802
0.09,0.00238733,-0.0898363,0.995954
0.1,0.00294669,-0.0997755,0.995006
0.11,0.00356465,-0.109701,0.993958
0.12,0.00424113,-0.119612,0.992812
0.13,0.00497604,-0.129507,0.991566
0.14,0.00576928,-0.139384,0.990222
0.15,0.00662074,-0.149243,0.988778
0.16,0.00753031,-0.159081,0.987237
0.17,0.00849786,-0.168898,0.985597
0.18,0.00952326,-0.178693,0.983859
0.19,0.0106064,-0.188463,0.982023
0.2,0.0117471,-0.198207,0.98009
0.21,0.0129452,-0.207925,0.978059
0.22,0.0142005,-0.217615,0.975931
0.23,0.015513,-0.227276,0.973707
0.24,0.0168823,-0.236906,0.971386
0.25,0.0183084,-0.246504,0.968969
0.26,0.019791,-0.256069,0.966456
0.27,0.02133,-0.265599,0.963848
0.28,0.022925,-0.275094,0.961144
0.29,0.024576,-0.284551,0.958346
0.3,0.0262826,-0.29397,0.955453
0.31,0.0280448,-0.30335,0.952467
0.32,0.0298621,-0.312688,0.949386
0.33,0.0317344,-0.321985,0.946213
0.34,0.0336614,-0.331238,0.942947
0.35,0.0356429,-0.340446,0.939588
0.36,0.0376786,-0.349608,0.936138
0.37,0.0397682,-0.358724,0.932596
0.38,0.0419114,-0.367791,0.928964
0.39,0.044108,-0.376808,0.925241
0.4,0.0463577,-0.385775,0.921428
0.41,0.0486601,-0.394689,0.917525
0.42,0.0510149,-0.40355,0.913534
0.43,0.0534219,-0.412357,0.909454
0.44,0.0558806,-0.421109,0.905287
0.45,0.0583908,-0.429803,0.901032
0.46,0.0609522,-0.43844,0.896691
0.47,0.0635643,-0.447018,0.892264
0.48,0.0662269,-0.455535,0.887751
0.49,0.0689395,-0.463991,0.883153
0.5,0.0717018,-0.472384,0.878471
0.51,0.0745135,-0.480714,0.873706
0.52,0.0773741,-0.488979,0.868857
0.53,0.0802833,-0.497177,0.863927
0.54,0.0832407,-0.505309,0.858914
0.55,0.0862458,-0.513373,0.853821
0.56,0.0892984,-0.521368,0.848647
0.57,0.0923978,-0.529292,0.843393
0.58,0.0955439,-0.537145,0.838061
0.59,0.098736,-0.544925,0.832651
0.6,0.101974,-0.552633,0.827163
0.61,0.105257,-0.560265,0.821598
0.62,0.108585,-0.567822,0.815958
0.63,0.111957,-0.575303,0.810242
0.64,0.115373,-0.582706,0.804452
0.65,0.118833,-0.59003,0.798588
0.66,0.122335,-0.597275,0.792652
0.67,0.125881,-0.604439,0.786643
0.68,0.129468,-0.611522,0.780563
0.69,0.133096,-0.618522,0.774413
0.7,0.136766,-0.625439,0.768193
0.71,0.140476,-0.632272,0.761905
0.72,0.144227,-0.639019,0.755548
0.73,0.148017,-0.645681,0.749124
0.74,0.151846,-0.652255,0.742635
0.75,0.155713,-0.658741,0.73608
0.76,0.159619,-0.665139,0.72946
0.77,0.163562,-0.671447,0.722777
0.78,0.167541,-0.677664,0.716031
0.79,0.171558,-0.68379,0.709224
0.8,0.17561,-0.689824,0.702356
0.81,0.179698,-0.695765,0.695428
0.82,0.18382,-0.701612,0.688441
0.83,0.187976,-0.707364,0.681396
0.84,0.192167,-0.713021,0.674294
0.85,0.19639,-0.718582,0.667136
0.86,0.200646,-0.724047,0.659923
0.87,0.204933,-0.729413,0.652655
0.88,0.209252,-0.734681,0.645335
0.89,0.213602,-0.73985,0.637962
0.9,0.217983,-0.74492,0.630538
0.91,0.222392,-0.749889,0.623064
0.92,0.226831,-0.754757,0.615541
0.93,0.231298,-0.759523,0.607969
0.94,0.235793,-0.764186,0.600351
0.95,0.240315,-0.768747,0.592686
0.96,0.244864,-0.773204,0.584976
0.97,0.249439,-0.777557,0.577222
0.98,0.254039,-0.781805,0.569425
0.99,0.258664,-0.785948,0.561586
1,0.263313,-0.789984,0.553707
1.01,0.267986,-0.793915,0.545787
1.02,0.272681,-0.797738,0.537829
1.03,0.277399,-0.801453,0.529833
1.04,0.282138,-0.805061,0.5218
1.05,0.286898,-0.80856,0.513732
1.06,0.291679,-0.81195,0.505629
1.07,0.296479,-0.815231,0.497493
1.08,0.301298,-0.818401,0.489325
1.09,0.306136,-0.821462,0.481125
1.1,0.310991,-0.824411,0.472896
1.11,0.315864,-0.82725,0.464638
1.12,0.320753,-0.829977,0.456351
1.13,0.325657,-0.832592,0.448038
1.14,0.330577,-0.835094,0.4397
1.15,0.335511,-0.837485,0.431337
1.16,0.340459,-0.839762,0.422951
1.17,0.34542,-0.841926,0.414542
1.18,0.350394,-0.843977,0.406112
1.19,0.355379,-0.845914,0.397663
1.2,0.360375,-0.847737,0.389195
1.21,0.365382,-0.849445,0.380709
1.22,0.370398,-0.851039,0.372206
1.23,0.375424,-0.852518,0.363688
1.24,0.380458,-0.853883,0.355156
1.25,0.3855,-0.855132,0.346611
1.26,0.390548,-0.856266,0.338054
1.27,0.395603,-0.857285,0.329486
1.28,0.400664,-0.858188,0.320908
1.29,0.40573,-0.858975,0.312323
1.3,0.4108,-0.859646,0.303729
1.31,0.415873,-0.860202,0.29513
1.32,0.42095,-0.860642,0.286526
1.33,0.426029,-0.860965,0.277918
1.34,0.431109,-0.861173,0.269307
1.35,0.43619,-0.861264,0.260694
1.36,0.441272,-0.86124,0.252082
1.37,0.446353,-0.861099,0.24347
1.38,0.451432,-0.860842,0.23486
1.39,0.45651,-0.860469,0.226254
1.4,0.461586,-0.859981,0.217651
1.41,0.466658,-0.859376,0.209054
1.42,0.471726,-0.858655,0.200464
1.43,0.47679,-0.857819,0.191882
1.44,0.481848,-0.856867,0.183308
1.45,0.486901,-0.855799,0.174745
1.46,0.491946,-0.854616,0.166193
1.47,0.496985,-0.853318,0.157653
1.48,0.502015,-0.851905,0.149127
1.49,0.507037,-0.850377,0.140615
1.5,0.51205,-0.848734,0.132119
1.51,0.517052,-0.846977,0.123641
1.52,0.522044,-0.845106,0.11518
1.53,0.527024,-0.843121,0.106739
1.54,0.531992,-0.841022,0.0983182
1.55,0.536948,-0.83881,0.089919
1.56,0.54189,-0.836484,0.0815424
1.57,0.546818,-0.834046,0.0731897
1.58,0.551731,-0.831496,0.0648619
1.59,0.55663,-0.828833,0.0565601
1.6,0.561512,-0.826059,0.0482856
1.61,0.566377,-0.823173,0.0400393
1.62,0.571225,-0.820177,0.0318225
1.63,0.576055,-0.817069,0.0236362
1.64,0.580866,-0.813852,0.0154815
1.65,0.585658,-0.810525,0.00735949
1.66,0.59043,-0.807089,-0.000728667
1.67,0.595181,-0.803543,-0.00878192
1.68,0.599912,-0.79989,-0.0167992
1.69,0.60462,-0.796129,-0.0247794
1.7,0.609306,-0.79226,-0.0327214
1.71,0.613968,-0.788285,-0.0406242
1.72,0.618607,-0.784203,-0.0484867
1.73,0.623222,-0.780015,-0.0563079
1.74,0.627811,-0.775723,-0.0640867
1.75,0.632375,-0.771326,-0.071822
1.76,0.636913,-0.766825,-0.0795129
1.77,0.641423,-0.76222,-0.0871582
1.78,0.645907,-0.757513,-0.0947569
1.79,0.650362,-0.752704,-0.102308
1.8,0.654788,-0.747793,-0.109811
1.81,0.659186,-0.742781,-0.117264
1.82,0.663553,-0.737669,-0.124666
1.83,0.66789,-0.732458,-0.132017
1.84,0.672196,-0.727148,-0.139315
1.85,0.67647,-0.72174,-0.146559
1.86,0.680712,-0.716235,-0.153749
1.87,0.684921,-0.710633,-0.160884
1.88,0.689097,-0.704935,-0.167962
1.89,0.693239,-0.699143,-0.174982
1.9,0.697347,-0.693256,-0.181944
1.91,0.70142,-0.687275,-0.188847
1.92,0.705457,-0.681202,-0.195689
1.93,0.709458,-0.675037,-0.202471
1.94,0.713422,-0.668782,-0.20919
1.95,0.717349,-0.662436,-0.215846
1.96,0.721239,-0.656,-0.222438
1.97,0.72509,-0.649476,-0.228966
1.98,0.728902,-0.642865,-0.235427
1.99,0.732675,-0.636167,-0.241823
2,0.736409,-0.629383,-0.24815
2.01,0.740102,-0.622515,-0.25441
2.02,0.743754,-0.615562,-0.2606
2.03,0.747365,-0.608527,-0.266721
2.04,0.750935,-0.601409,-0.272771
2.05,0.754462,-0.594211,-0.278749
2.06,0.757946,-0.586932,-0.284655
2.07,0.761388,-0.579574,-0.290487
2.08,0.764785,-0.572138,-0.296246
2.09,0.768139,-0.564625,-0.30193
2.1,0.771448,-0.557036,-0.307538
2.11,0.774711,-0.549372,-0.31307
2.12,0.77793,-0.541633,-0.318525
2.13,0.781103,-0.533822,-0.323903
2.14,0.784229,-0.525939,-0.329202
2.15,0.787309,-0.517984,-0.334421
2.16,0.790341,-0.50996,-0.339561
2.17,0.793326,-0.501867,-0.34462
2.18,0.796263,-0.493707,-0.349598
2.19,0.799152,-0.48548,-0.354494
2.2,0.801991,-0.477187,-0.359308
2.21,0.804782,-0.468831,-0.364038
2.22,0.807524,-0.460411,-0.368684
2.23,0.810215,-0.451929,-0.373246
2.24,0.812856,-0.443386,-0.377722
2.25,0.815447,-0.434783,-0.382113
2.26,0.817986,-0.426121,-0.386418
2.27,0.820475,-0.417403,-0.390635
2.28,0.822912,-0.408628,-0.394766
2.29,0.825297,-0.399797,-0.398808
2.3,0.827629,-0.390913,-0.402761
2.31,0.829909,-0.381976,-0.406626
2.32,0.832136,-0.372988,-0.410401
2.33,0.83431,-0.36395,-0.414085
2.34,0.836431,-0.354862,-0.41768
2.35,0.838498,-0.345727,-0.421183
2.36,0.84051,-0.336545,-0.424594
2.37,0.842469,-0.327317,-0.427913
2.38,0.844373,-0.318046,-0.43114
2.39,0.846222,-0.308731,-0.434274
2.4,0.848016,-0.299375,-0.437315
2.41,0.849754,-0.289979,-0.440261
2.42,0.851437,-0.280543,-0.443114
2.43,0.853065,-0.27107,-0.445872
2.44,0.854636,-0.26156,-0.448535
2.45,0.856151,-0.252015,-0.451103
2.46,0.85761,-0.242436,-0.453576
2.47,0.859012,-0.232824,-0.455952
2.48,0.860357,-0.223181,-0.458232
2.49,0.861645,-0.213508,-0.460415
2.5,0.862876,-0.203806,-0.462502
2.51,0.86405,-0.194076,-0.464491
2.52,0.865166,-0.18432,-0.466383
2.53,0.866225,-0.17454,-0.468178
2.54,0.867226,-0.164736,-0.469874
2.55,0.868169,-0.15491,-0.471472
2.56,0.869054,-0.145062,-0.472972
2.57,0.86988,-0.135196,-0.474374
2.58,0.870649,-0.125311,-0.475676
2.59,0.871359,-0.115409,-0.47688
2.6,0.872011,-0.105492,-0.477984
2.61,0.872604,-0.09556,-0.478989
2.62,0.873138,-0.0856155,-0.479895
2.63,0.873614,-0.0756595,-0.480702
2.64,0.874031,-0.0656933,-0.481409
2.65,0.874389,-0.0557182,-0.482016
2.66,0.874688,-0.0457357,-0.482523
2.67,0.874929,-0.0357469,-0.48293
2.68,0.87511,-0.0257533,-0.483238
2.69,0.875233,-0.0157563,-0.483445
2.7,0.875296,-0.00575713,-0.483553
2.71,0.875301,0.00424281,-0.48356
2.72,0.875246,0.0142422,-0.483468
2.73,0.875133,0.0242396,-0.483276
2.74,0.87496,0.0342338,-0.482983
2.75,0.874729,0.0442234,-0.482591
2.76,0.874438,0.054207,-0.482099
2.77,0.874089,0.0641833,-0.481507
2.78,0.873681,0.0741509,-0.480815
2.79,0.873214,0.0841086,-0.480024
2.8,0.872688,0.0940549,-0.479133
2.81,0.872104,0.103989,-0.478143
2.82,0.871461,0.113908,-0.477053
2.83,0.87076,0.123812,-0.475865
2.84,0.870001,0.1337,-0.474577
2.85,0.869183,0.143569,-0.473191
2.86,0.868306,0.15342,-0.471706
2.87,0.867372,0.163249,-0.470122
2.88,0.86638,0.173057,-0.468441
2.89,0.86533,0.182841,-0.466661
2.9,0.864223,0.1926,-0.464784
2.91,0.863058,0.202334,-0.462809
2.92,0.861835,0.21204,-0.460738
2.93,0.860556,0.221718,-0.458569
2.94,0.859219,0.231366,-0.456303
2.95,0.857826,0.240982,-0.453942
2.96,0.856375,0.250566,-0.451484
2.97,0.854869,0.260117,-0.44893
2.98,0.853306,0.269632,-0.446282
2.99,0.851687,0.279111,-0.443538
3,0.850013,0.288552,-0.440699
3.01,0.848282,0.297955,-0.437767
3.02,0.846497,0.307317,-0.434741
3.03,0.844656,0.316638,-0.431621
3.04,0.842761,0.325916,-0.428408
3.05,0.84081,0.33515,-0.425103
3.06,0.838806,0.344339,-0.421705
3.07,0.836747,0.353482,-0.418216
3.08,0.834635,0.362577,-0.414636
3.09,0.832469,0.371623,-0.410965
3.1,0.83025,0.380619,-0.407203
3.11,0.827978,0.389563,-0.403352
3.12,0.825653,0.398455,-0.399412
3.13,0.823276,0.407294,-0.395383
3.14,0.820847,0.416077,-0.391266
3.15,0.818367,0.424805,-0.387062
3.16,0.815835,0.433475,-0.382771
3.17,0.813252,0.442087,-0.378393
3.18,0.810618,0.450639,-0.373929
3.19,0.807934,0.45913,-0.36938
3.2,0.805201,0.46756,-0.364747
3.21,0.802417,0.475926,-0.360029
3.22,0.799585,0.484228,-0.355228
3.23,0.796703,0.492465,-0.350345
3.24,0.793774,0.500636,-0.345379
3.25,0.790796,0.508739,-0.340332
3.26,0.787771,0.516774,-0.335205
3.27,0.784698,0.524739,-0.329997
3.28,0.781579,0.532633,-0.32471
3.29,0.778413,0.540455,-0.319345
3.3,0.775202,0.548204,-0.313901
3.31,0.771945,0.55588,-0.308381
3.32,0.768643,0.563481,-0.302784
3.33,0.765296,0.571005,-0.297111
3.34,0.761905,0.578453,-0.291364
3.35,0.75847,0.585823,-0.285543
3.36,0.754992,0.593114,-0.279648
3.37,0.751472,0.600324,-0.273681
3.38,0.747909,0.607454,-0.267642
3.39,0.744304,0.614502,-0.261532
3.4,0.740658,0.621467,-0.255352
3.41,0.736971,0.628349,-0.249103
3.42,0.733243,0.635145,-0.242785
3.43,0.729476,0.641856,-0.2364
3.44,0.72567,0.648481,-0.229948
3.45,0.721824,0.655018,-0.223431
3.46,0.717941,0.661467,-0.216848
3.47,0.714019,0.667826,-0.210202
3.48,0.71006,0.674096,-0.203492
3.49,0.706065,0.680275,-0.19672
3.5,0.702033,0.686362,-0.189887
3.51,0.697966,0.692356,-0.182993
3.52,0.693864,0.698257,-0.17604
3.53,0.689727,0.704064,-0.169028
3.54,0.685556,0.709776,-0.161959
3.55,0.681352,0.715393,-0.154833
3.56,0.677114,0.720913,-0.147652
3.57,0.672845,0.726335,-0.140415
3.58,0.668544,0.73166,-0.133125
3.59,0.664212,0.736886,-0.125782
3.6,0.659849,0.742013,-0.118388
3.61,0.655456,0.74704,-0.110942
3.62,0.651034,0.751966,-0.103447
3.63,0.646583,0.756791,-0.0959035
3.64,0.642104,0.761514,-0.0883119
3.65,0.637597,0.766134,-0.0806736
3.66,0.633064,0.770651,-0.0729896
3.67,0.628504,0.775064,-0.0652609
3.68,0.623918,0.779372,-0.0574886
3.69,0.619308,0.783576,-0.0496738
3.7,0.614672,0.787673,-0.0418175
3.71,0.610013,0.791665,-0.0339207
3.72,0.605331,0.79555,-0.0259845
3.73,0.600626,0.799327,-0.0180101
3.74,0.595899,0.802997,-0.00999835
3.75,0.591151,0.806559,-0.00195048
3.76,0.586382,0.810012,0.00613247
3.77,0.581593,0.813355,0.0142494
3.78,0.576784,0.816589,0.0223992
3.79,0.571957,0.819713,0.0305808
3.8,0.567112,0.822727,0.0387931
3.81,0.562249,0.825629,0.047035
3.82,0.55737,0.82842,0.0553053
3.83,0.552474,0.8311,0.063603
3.84,0.547563,0.833667,0.0719269
3.85,0.542637,0.836122,0.080276
3.86,0.537697,0.838465,0.088649
3.87,0.532744,0.840694,0.0970449
3.88,0.527777,0.84281,0.105463
3.89,0.522799,0.844813,0.113901
3.9,0.517809,0.846701,0.122358
3.91,0.512808,0.848475,0.130834
3.92,0.507797,0.850135,0.139328
3.93,0.502776,0.851681,0.147837
3.94,0.497747,0.853111,0.156361
3.95,0.49271,0.854427,0.164899
3.96,0.487665,0.855627,0.173449
3.97,0.482614,0.856712,0.182011
3.98,0.477556,0.857682,0.190583
3.99,0.472493,0.858536,0.199164
4,0.467426,0.859274,0.207753
4.01,0.462354,0.859896,0.216349
4.02,0.457279,0.860403,0.224951
4.03,0.452202,0.860793,0.233557
4.04,0.447122,0.861068,0.242166
4.05,0.442041,0.861226,0.250778
4.06,0.43696,0.861268,0.25939
4.07,0.431878,0.861194,0.268003
4.08,0.426798,0.861004,0.276614
4.09,0.421719,0.860698,0.285222
4.1,0.416642,0.860276,0.293827
4.11,0.411568,0.859738,0.302427
4.12,0.406497,0.859084,0.311022
4.13,0.401431,0.858314,0.319609
4.14,0.396369,0.857429,0.328188
4.15,0.391313,0.856428,0.336757
4.16,0.386264,0.855311,0.345316
4.17,0.381221,0.854079,0.353863
4.18,0.376186,0.852732,0.362397
4.19,0.371159,0.851271,0.370917
4.2,0.366141,0.849694,0.379422
4.21,0.361133,0.848003,0.387911
4.22,0.356135,0.846197,0.396382
4.23,0.351148,0.844278,0.404834
4.24,0.346173,0.842244,0.413267
4.25,0.34121,0.840097,0.421679
4.26,0.33626,0.837837,0.430068
4.27,0.331323,0.835464,0.438435
4.28,0.326401,0.832978,0.446777
4.29,0.321494,0.83038,0.455094
4.3,0.316603,0.82767,0.463385
4.31,0.311728,0.824848,0.471647
4.32,0.30687,0.821915,0.479881
4.33,0.30203,0.818872,0.488085
4.34,0.297208,0.815718,0.496258
4.35,0.292405,0.812454,0.504399
4.36,0.287621,0.80908,0.512507
4.37,0.282858,0.805598,0.52058
4.38,0.278115,0.802007,0.528618
4.39,0.273394,0.798307,0.53662
4.4,0.268695,0.7945,0.544584
4.41,0.264019,0.790586,0.55251
4.42,0.259367,0.786566,0.560396
4.43,0.254738,0.782439,0.568241
4.44,0.250134,0.778207,0.576044
4.45,0.245555,0.77387,0.583805
4.46,0.241003,0.769429,0.591521
4.47,0.236476,0.764884,0.599193
4.48,0.231977,0.760235,0.606818
4.49,0.227506,0.755485,0.614397
4.5,0.223063,0.750632,0.621928
4.51,0.218648,0.745679,0.629409
4.52,0.214264,0.740624,0.636841
4.53,0.209909,0.73547,0.644222
4.54,0.205585,0.730217,0.65155
4.55,0.201293,0.724865,0.658826
4.56,0.197032,0.719416,0.666047
4.57,0.192804,0.71387,0.673214
4.58,0.188609,0.708227,0.680324
4.59,0.184447,0.702489,0.687378
4.6,0.18032,0.696656,0.694374
4.61,0.176227,0.69073,0.701311
4.62,0.172169,0.68471,0.708188
4.63,0.168147,0.678598,0.715005
4.64,0.164162,0.672394,0.72176
4.65,0.160213,0.6661,0.728452
4.66,0.156302,0.659716,0.735081
4.67,0.152429,0.653243,0.741646
4.68,0.148594,0.646682,0.748146
4.69,0.144798,0.640034,0.75458
4.7,0.141042,0.633299,0.760946
4.71,0.137325,0.626479,0.767245
4.72,0.133649,0.619575,0.773476
4.73,0.130015,0.612587,0.779636
4.74,0.126421,0.605517,0.785727
4.75,0.12287,0.598365,0.791747
4.76,0.119361,0.591132,0.797694
4.77,0.115894,0.58382,0.803569
4.78,0.112472,0.576429,0.80937
4.79,0.109093,0.56896,0.815097
4.8,0.105758,0.561414,0.820749
4.81,0.102468,0.553793,0.826325
4.82,0.0992234,0.546097,0.831825
4.83,0.0960243,0.538328,0.837247
4.84,0.0928713,0.530486,0.842591
4.85,0.0897647,0.522572,0.847856
4.86,0.0867051,0.514588,0.853042
4.87,0.0836927,0.506535,0.858148
4.88,0.0807281,0.498413,0.863173
4.89,0.0778116,0.490224,0.868116
4.9,0.0749436,0.481969,0.872977
4.91,0.0721245,0.47365,0.877755
4.92,0.0693546,0.465266,0.88245
4.93,0.0666344,0.456819,0.88706
4.94,0.0639643,0.448311,0.891586
4.95,0.0613445,0.439743,0.896026
4.96,0.0587754,0.431115,0.900381
4.97,0.0562574,0.422429,0.904648
4.98,0.0537909,0.413686,0.908829
4.99,0.0513761,0.404888,0.912922
5,0.0490133,0.396034,0.916927
5.01,0.046703,0.387128,0.920842
5.02,0.0444453,0.378169,0.924669
5.03,0.0422407,0.369159,0.928406
5.04,0.0400893,0.3601,0.932052
5.05,0.0379916,0.350992,0.935608
5.06,0.0359477,0.341836,0.939072
5.07,0.033958,0.332635,0.942444
5.08,0.0320227,0.323389,0.945724
5.09,0.0301421,0.314099,0.948912
5.1,0.0283164,0.304767,0.952006
5.11,0.0265459,0.295393,0.955007
5.12,0.0248309,0.28598,0.957914
5.13,0.0231714,0.276528,0.960726
5.14,0.0215679,0.267039,0.963444
5.15,0.0200204,0.257514,0.966067
5.16,0.0185293,0.247955,0.968594
5.17,0.0170946,0.238362,0.971026
5.18,0.0157167,0.228736,0.973362
5.19,0.0143956,0.21908,0.975601
5.2,0.0131316,0.209395,0.977743
5.21,0.0119248,0.199681,0.979788
5.22,0.0107754,0.18994,0.981737
5.23,0.00968358,0.180174,0.983587
5.24,0.00864942,0.170383,0.98534
5.25,0.0076731,0.160569,0.986995
5.26,0.00675475,0.150734,0.988551
5.27,0.00589448,0.140878,0.990009
5.28,0.00509242,0.131004,0.991369
5.29,0.00434867,0.121112,0.992629
5.3,0.00366334,0.111203,0.993791
5.31,0.00303651,0.101279,0.994853
5.32,0.00246826,0.0913422,0.995817
5.33,0.00195869,0.0813927,0.99668
5.34,0.00150785,0.0714322,0.997444
5.35,0.00111581,0.0614621,0.998109
5.36,0.000782616,0.0514836,0.998674
5.37,0.000508317,0.0414983,0.999138
5.38,0.000292948,0.0315073,0.999503
5.39,0.000136539,0.0215121,0.999769
5.4,3.91106e-05,0.011514,0.999934
5.41,6.76506e-07,0.00151434,0.999999
5.42,2.12417e-05,-0.00848552,0.999964
5.43,0.000100803,-0.0184842,0.999829
5.44,0.000239351,-0.0284805,0.999594
5.45,0.000436865,-0.0384728,0.99926
5.46,0.00069332,-0.04846,0.998825
5.47,0.00100868,-0.0584407,0.99829
5.48,0.00138291,-0.0684135,0.997656
5.49,0.00181594,-0.0783771,0.996922
5.5,0.00230773,-0.0883301,0.996089
5.51,0.00285821,-0.0982712,0.995156
5.52,0.00346731,-0.108199,0.994123
5.53,0.00413493,-0.118112,0.992992
5.54,0.004861,-0.12801,0.991761
5.55,0.00564541,-0.13789,0.990432
5.56,0.00648806,-0.147751,0.989003
5.57,0.00738884,-0.157593,0.987477
5.58,0.00834762,-0.167413,0.985851
5.59,0.00936427,-0.177211,0.984128
5.6,0.0104387,-0.186985,0.982307
5.61,0.0115706,-0.196733,0.980389
5.62,0.0127601,-0.206456,0.978373
5.63,0.0140068,-0.21615,0.97626
5.64,0.0153106,-0.225815,0.97405
5.65,0.0166713,-0.23545,0.971744
5.66,0.0180888,-0.245053,0.969341
5.67,0.0195629,-0.254623,0.966843
5.68,0.0210933,-0.264158,0.964249
5.69,0.0226799,-0.273658,0.96156
5.7,0.0243224,-0.283121,0.958776
5.71,0.0260206,-0.292546,0.955897
5.72,0.0277744,-0.301932,0.952925
5.73,0.0295833,-0.311277,0.949859
5.74,0.0314473,-0.32058,0.946699
5.75,0.0333661,-0.329839,0.943447
5.76,0.0353394,-0.339054,0.940103
5.77,0.0373668,-0.348224,0.936666
5.78,0.0394483,-0.357346,0.933138
5.79,0.0415834,-0.366421,0.92952
5.8,0.043772,-0.375446,0.92581
5.81,0.0460136,-0.38442,0.922011
5.82,0.048308,-0.393343,0.918122
5.83,0.0506549,-0.402212,0.914144
5.84,0.053054,-0.411027,0.910078
5.85,0.055505,-0.419787,0.905924
5.86,0.0580074,-0.42849,0.901682
5.87,0.060561,-0.437136,0.897354
5.88,0.0631655,-0.445722,0.89294
5.89,0.0658204,-0.454249,0.88844
5.9,0.0685255,-0.462714,0.883855
5.91,0.0712803,-0.471117,0.879186
5.92,0.0740846,-0.479456,0.874433
5.93,0.0769378,-0.487731,0.869597
5.94,0.0798397,-0.49594,0.864679
5.95,0.0827898,-0.504082,0.859678
5.96,0.0857877,-0.512156,0.854597
5.97,0.0888331,-0.520162,0.849435
5.98,0.0919255,-0.528097,0.844194
5.99,0.0950645,-0.53596,0.838874
6,0.0982497,-0.543752,0.833475
6.01,0.101481,-0.55147,0.827999
6.02,0.104757,-0.559114,0.822446
6.03,0.108078,-0.566683,0.816817
6.04,0.111444,-0.574175,0.811113
6.05,0.114853,-0.58159,0.805334
6.06,0.118306,-0.588926,0.799481
6.07,0.121802,-0.596183,0.793555
6.08,0.125341,-0.603359,0.787558
6.09,0.128922,-0.610455,0.781489
6.1,0.132544,-0.617468,0.775349
6.11,0.136208,-0.624397,0.769139
6.12,0.139912,-0.631243,0.762861
6.13,0.143656,-0.638003,0.756515
6.14,0.14744,-0.644678,0.750101
6.15,0.151263,-0.651265,0.743622
6.16,0.155125,-0.657765,0.737076
6.17,0.159025,-0.664176,0.730467
6.18,0.162962,-0.670497,0.723793
6.19,0.166936,-0.676729,0.717057
6.2,0.170947,-0.682868,0.710259
6.21,0.174994,-0.688916,0.7034
6.22,0.179076,-0.694871,0.696481
6.23,0.183193,-0.700733,0.689503
6.24,0.187345,-0.706499,0.682467
6.25,0.19153,-0.712171,0.675373
6.26,0.195748,-0.717747,0.668223
6.27,0.199999,-0.723225,0.661019
6.28,0.204282,-0.728607,0.653759
6.29,0.208596,-0.73389,0.646447
6.3,0.212942,-0.739074,0.639082
6.31,0.217317,-0.744158,0.631666
6.32,0.221723,-0.749143,0.624199
6.33,0.226157,-0.754026,0.616683
6.34,0.23062,-0.758807,0.609119
6.35,0.235111,-0.763487,0.601507
6.36,0.239629,-0.768063,0.593849
6.37,0.244174,-0.772536,0.586146
6.38,0.248745,-0.776905,0.578399
6.39,0.253341,-0.781168,0.570609
6.4,0.257962,-0.785327,0.562776
6.41,0.262608,-0.78938,0.554902
6.42,0.267277,-0.793326,0.546989
6.43,0.271969,-0.797166,0.539036
6.44,0.276683,-0.800898,0.531046
6.45,0.281419,-0.804521,0.523019
6.46,0.286176,-0.808037,0.514956
6.47,0.290954,-0.811444,0.506858
6.48,0.295751,-0.814741,0.498727
6.49,0.300567,-0.817928,0.490564
6.5,0.305402,-0.821005,0.482369
6.51,0.310255,-0.823972,0.474144
6.52,0.315125,-0.826827,0.46589
6.53,0.320011,-0.829571,0.457608
6.54,0.324914,-0.832203,0.449299
6.55,0.329831,-0.834723,0.440964
6.56,0.334763,-0.83713,0.432605
6.57,0.339709,-0.839424,0.424222
6.58,0.344668,-0.841606,0.415817
6.59,0.34964,-0.843674,0.40739
6.6,0.354623,-0.845628,0.398944
6.61,0.359618,-0.847468,0.390478
6.62,0.364623,-0.849194,0.381995
6.63,0.369638,-0.850805,0.373495
6.64,0.374662,-0.852302,0.364979
6.65,0.379695,-0.853684,0.356449
6.66,0.384736,-0.85495,0.347906
6.67,0.389783,-0.856102,0.33935
6.68,0.394837,-0.857138,0.330784
6.69,0.399897,-0.858058,0.322208
6.7,0.404962,-0.858863,0.313623
6.71,0.410032,-0.859552,0.305031
6.72,0.415105,-0.860125,0.296433
6.73,0.420181,-0.860583,0.287829
6.74,0.425259,-0.860924,0.279221
6.75,0.43034,-0.861149,0.270611
6.76,0.435421,-0.861258,0.261999
6.77,0.440502,-0.861251,0.253386
6.78,0.445583,-0.861128,0.244774
6.79,0.450663,-0.860889,0.236164
6.8,0.455742,-0.860533,0.227557
6.81,0.460817,-0.860062,0.218954
6.82,0.46589,-0.859475,0.210356
6.83,0.470959,-0.858772,0.201765
6.84,0.476023,-0.857953,0.193181
6.85,0.481083,-0.857018,0.184606
6.86,0.486136,-0.855968,0.176041
6.87,0.491183,-0.854803,0.167487
6.88,0.496222,-0.853522,0.158945
6.89,0.501254,-0.852126,0.150417
6.9,0.506277,-0.850616,0.141903
6.91,0.511291,-0.84899,0.133405
6.92,0.516295,-0.847251,0.124924
6.93,0.521288,-0.845397,0.11646
6.94,0.526271,-0.843429,0.108016
6.95,0.531241,-0.841347,0.0995921
6.96,0.536198,-0.839152,0.0911895
6.97,0.541142,-0.836844,0.0828094
6.98,0.546073,-0.834423,0.074453
6.99,0.550988,-0.831889,0.0661213
7,0.555889,-0.829244,0.0578156
7.01,0.560773,-0.826486,0.0495368
7.02,0.565641,-0.823617,0.0412862
7.03,0.570492,-0.820637,0.0330649
7.04,0.575324,-0.817547,0.0248739
7.05,0.580139,-0.814346,0.0167143
7.06,0.584933,-0.811036,0.00858729
7.07,0.589709,-0.807616,0.000493943
7.08,0.594463,-0.804087,-0.00756466
7.09,0.599197,-0.80045,-0.0155874
7.1,0.603908,-0.796705,-0.0235733
7.11,0.608598,-0.792853,-0.0315212
7.12,0.613264,-0.788893,-0.03943
7.13,0.617906,-0.784828,-0.0472987
7.14,0.622524,-0.780656,-0.0551262
7.15,0.627118,-0.77638,-0.0629115
7.16,0.631686,-0.771998,-0.0706535
7.17,0.636227,-0.767513,-0.0783511
7.18,0.640742,-0.762924,-0.0860034
7.19,0.645229,-0.758232,-0.0936092
7.2,0.649689,-0.753438,-0.101168
7.21,0.65412,-0.748543,-0.108678
7.22,0.658522,-0.743546,-0.116138
7.23,0.662893,-0.73845,-0.123548
7.24,0.667235,-0.733254,-0.130907
7.25,0.671546,-0.727958,-0.138213
7.26,0.675825,-0.722565,-0.145466
7.27,0.680072,-0.717075,-0.152664
7.28,0.684286,-0.711487,-0.159807
7.29,0.688467,-0.705804,-0.166893
7.3,0.692614,-0.700026,-0.173923
7.31,0.696727,-0.694153,-0.180894
7.32,0.700805,-0.688187,-0.187805
7.33,0.704848,-0.682128,-0.194657
7.34,0.708854,-0.675977,-0.201448
7.35,0.712824,-0.669735,-0.208176
7.36,0.716757,-0.663402,-0.214842
7.37,0.720652,-0.65698,-0.221444
7.38,0.724509,-0.65047,-0.227981
7.39,0.728327,-0.643872,-0.234453
7.4,0.732107,-0.637187,-0.240858
7.41,0.735846,-0.630416,-0.247197
7.42,0.739545,-0.62356,-0.253467
7.43,0.743204,-0.616621,-0.259668
7.44,0.746821,-0.609598,-0.265799
7.45,0.750397,-0.602492,-0.271859
7.46,0.75393,-0.595306,-0.277848
7.47,0.757421,-0.588039,-0.283765
7.48,0.760869,-0.580693,-0.289609
7.49,0.764273,-0.573269,-0.295379
7.5,0.767634,-0.565768,-0.301074
7.51,0.770949,-0.55819,-0.306694
7.52,0.77422,-0.550537,-0.312237
7.53,0.777446,-0.54281,-0.317704
7.54,0.780625,-0.535009,-0.323093
7.55,0.783758,-0.527137,-0.328404
7.56,0.786845,-0.519193,-0.333636
7.57,0.789885,-0.51118,-0.338788
7.58,0.792877,-0.503097,-0.343859
7.59,0.795821,-0.494947,-0.34885
7.6,0.798717,-0.48673,-0.353758
7.61,0.801565,-0.478447,-0.358584
7.62,0.804363,-0.4701,-0.363327
7.63,0.807112,-0.46169,-0.367986
7.64,0.809811,-0.453217,-0.37256
7.65,0.812459,-0.444683,-0.37705
7.66,0.815058,-0.436089,-0.381454
7.67,0.817605,-0.427437,-0.385771
7.68,0.820101,-0.418727,-0.390002
7.69,0.822546,-0.40996,-0.394146
7.7,0.824939,-0.401138,-0.398201
7.71,0.827279,-0.392262,-0.402168
7.72,0.829567,-0.383333,-0.406046
7.73,0.831803,-0.374353,-0.409835
7.74,0.833985,-0.365322,-0.413533
7.75,0.836113,-0.356241,-0.417141
7.76,0.838188,-0.347113,-0.420658
7.77,0.840209,-0.337938,-0.424083
7.78,0.842176,-0.328717,-0.427417
7.79,0.844088,-0.319452,-0.430657
7.8,0.845945,-0.310144,-0.433805
7.81,0.847748,-0.300795,-0.43686
7.82,0.849495,-0.291404,-0.439821
7.83,0.851186,-0.281974,-0.442688
7.84,0.852822,-0.272507,-0.445461
7.85,0.854402,-0.263002,-0.448138
7.86,0.855925,-0.253463,-0.450721
7.87,0.857392,-0.243889,-0.453207
7.88,0.858803,-0.234282,-0.455598
7.89,0.860157,-0.224643,-0.457893
7.9,0.861454,-0.214974,-0.460091
7.91,0.862693,-0.205277,-0.462192
7.92,0.863876,-0.195551,-0.464196
7.93,0.865001,-0.185799,-0.466103
7.94,0.866068,-0.176023,-0.467912
7.95,0.867078,-0.166222,-0.469624
7.96,0.86803,-0.156399,-0.471237
7.97,0.868923,-0.146555,-0.472751
7.98,0.869759,-0.136691,-0.474168
7.99,0.870536,-0.126809,-0.475485
8,0.871255,-0.116909,-0.476704
8.01,0.871916,-0.106994,-0.477823
8.02,0.872518,-0.0970649,-0.478844
8.03,0.873061,-0.0871222,-0.479765
8.04,0.873546,-0.0771679,-0.480586
8.05,0.873972,-0.0672031,-0.481308
8.06,0.874339,-0.0572293,-0.48193
8.07,0.874647,-0.0472478,-0.482452
8.08,0.874896,-0.0372599,-0.482875
8.09,0.875087,-0.027267,-0.483198
8.1,0.875218,-0.0172704,-0.48342
8.11,0.87529,-0.00727143,-0.483543
8.12,0.875304,0.00272848,-0.483566
8.13,0.875258,0.012728,-0.483488
8.14,0.875154,0.0227258,-0.483311
8.15,0.87499,0.0327206,-0.483034
8.16,0.874768,0.042711,-0.482657
8.17,0.874486,0.0526956,-0.48218
8.18,0.874146,0.062673,-0.481603
8.19,0.873747,0.0726421,-0.480926
8.2,0.873289,0.0826013,-0.48015
8.21,0.872772,0.0925494,-0.479274
8.22,0.872196,0.102485,-0.478299
8.23,0.871563,0.112407,-0.477225
8.24,0.87087,0.122314,-0.476051
8.25,0.870119,0.132204,-0.474778
8.26,0.86931,0.142076,-0.473407
8.27,0.868443,0.151929,-0.471937
8.28,0.867517,0.161762,-0.470369
8.29,0.866534,0.171573,-0.468702
8.3,0.865493,0.181361,-0.466937
8.31,0.864394,0.191124,-0.465075
8.32,0.863238,0.200862,-0.463115
8.33,0.862024,0.210572,-0.461058
8.34,0.860753,0.220254,-0.458903
8.35,0.859425,0.229907,-0.456653
8.36,0.85804,0.239528,-0.454305
8.37,0.856599,0.249117,-0.451862
8.38,0.855101,0.258673,-0.449323
8.39,0.853546,0.268193,-0.446689
8.4,0.851936,0.277678,-0.443959
8.41,0.85027,0.287125,-0.441135
8.42,0.848548,0.296533,-0.438217
8.43,0.846771,0.305902,-0.435205
8.44,0.844938,0.315229,-0.432099
8.45,0.843051,0.324514,-0.4289
8.46,0.841109,0.333755,-0.425609
8.47,0.839113,0.34295,-0.422225
8.48,0.837063,0.3521,-0.41875
8.49,0.834958,0.361202,-0.415184
8.5,0.8328,0.370256,-0.411526
8.51,0.830589,0.37926,-0.407779
8.52,0.828325,0.388212,-0.403941
8.53,0.826009,0.397112,-0.400015
8.54,0.82364,0.405959,-0.395999
8.55,0.821218,0.414751,-0.391896
8.56,0.818746,0.423487,-0.387704
8.57,0.816221,0.432166,-0.383426
8.58,0.813646,0.440786,-0.379061
8.59,0.81102,0.449348,-0.374611
8.6,0.808344,0.457848,-0.370074
8.61,0.805618,0.466287,-0.365454
8.62,0.802842,0.474663,-0.360749
8.63,0.800017,0.482975,-0.355961
8.64,0.797143,0.491222,-0.35109
8.65,0.794221,0.499403,-0.346136
8.66,0.79125,0.507516,-0.341102
8.67,0.788232,0.515561,-0.335986
8.68,0.785167,0.523537,-0.330791
8.69,0.782054,0.531442,-0.325516
8.7,0.778896,0.539275,-0.320162
8.71,0.775691,0.547036,-0.314731
8.72,0.772441,0.554723,-0.309222
8.73,0.769145,0.562335,-0.303636
8.74,0.765805,0.569871,-0.297975
8.75,0.762421,0.57733,-0.292239
8.76,0.758993,0.584712,-0.286429
8.77,0.755522,0.592015,-0.280545
8.78,0.752007,0.599238,-0.274589
8.79,0.748451,0.60638,-0.268561
8.8,0.744852,0.61344,-0.262462
8.81,0.741212,0.620418,-0.256292
8.82,0.737532,0.627312,-0.250054
8.83,0.73381,0.634122,-0.243746
8.84,0.730049,0.640846,-0.237371
8.85,0.726249,0.647483,-0.23093
8.86,0.722409,0.654034,-0.224422
8.87,0.718531,0.660496,-0.217849
8.88,0.714615,0.666869,-0.211212
8.89,0.710662,0.673152,-0.204512
8.9,0.706672,0.679345,-0.19775
8.91,0.702646,0.685446,-0.190926
8.92,0.698584,0.691454,-0.184041
8.93,0.694487,0.69737,-0.177097
8.94,0.690355,0.703191,-0.170094
8.95,0.68619,0.708917,-0.163033
8.96,0.68199,0.714548,-0.155916
8.97,0.677758,0.720083,-0.148743
8.98,0.673494,0.72552,-0.141515
8.99,0.669197,0.73086,-0.134233
9,0.66487,0.736101,-0.126898
9.01,0.660511,0.741243,-0.119511
9.02,0.656123,0.746285,-0.112073
9.03,0.651705,0.751227,-0.104586
9.04,0.647259,0.756067,-0.097049
9.05,0.642784,0.760805,-0.0894646
9.06,0.638282,0.765441,-0.0818332
9.07,0.633752,0.769973,-0.0741561
9.08,0.629196,0.774402,-0.0664341
9.09,0.624614,0.778726,-0.0586684
9.1,0.620007,0.782946,-0.0508599
9.11,0.615376,0.78706,-0.0430098
9.12,0.61072,0.791067,-0.0351191
9.13,0.606041,0.794968,-0.0271888
9.14,0.60134,0.798762,-0.0192201
9.15,0.596616,0.802448,-0.0112139
9.16,0.591871,0.806026,-0.00317148
9.17,0.587105,0.809496,0.00490622
9.18,0.582319,0.812856,0.0130181
9.19,0.577514,0.816107,0.021163
9.2,0.572689,0.819247,0.0293398
9.21,0.567847,0.822277,0.0375475
9.22,0.562987,0.825197,0.045785
9.23,0.55811,0.828005,0.0540511
9.24,0.553217,0.830701,0.0623447
9.25,0.548308,0.833286,0.0706648
9.26,0.543384,0.835758,0.0790101
9.27,0.538446,0.838117,0.0873795
9.28,0.533494,0.840364,0.095772
9.29,0.52853,0.842497,0.104186
9.3,0.523553,0.844517,0.112622
9.31,0.518565,0.846422,0.121076
9.32,0.513566,0.848214,0.12955
9.33,0.508556,0.849891,0.13804
9.34,0.503537,0.851454,0.146547
9.35,0.498509,0.852902,0.155069
9.36,0.493473,0.854235,0.163605
9.37,0.48843,0.855453,0.172153
9.38,0.483379,0.856556,0.180713
9.39,0.478322,0.857543,0.189284
9.4,0.47326,0.858414,0.197864
9.41,0.468193,0.85917,0.206452
9.42,0.463122,0.85981,0.215047
9.43,0.458048,0.860334,0.223648
9.44,0.452971,0.860742,0.232253
9.45,0.447891,0.861034,0.240862
9.46,0.442811,0.861209,0.249473
9.47,0.437729,0.861269,0.258086
9.48,0.432648,0.861213,0.266698
9.49,0.427567,0.861041,0.27531
9.5,0.422488,0.860752,0.283919
9.51,0.417411,0.860348,0.292525
9.52,0.412336,0.859827,0.301125
9.53,0.407265,0.859191,0.309721
9.54,0.402198,0.858438,0.318309
9.55,0.397135,0.85757,0.326889
9.56,0.392079,0.856587,0.33546
9.57,0.387028,0.855488,0.34402
9.58,0.381984,0.854273,0.352569
9.59,0.376948,0.852944,0.361105
9.6,0.37192,0.851499,0.369628
9.61,0.3669,0.84994,0.378135
9.62,0.361891,0.848266,0.386626
9.63,0.356891,0.846478,0.3951
9.64,0.351902,0.844576,0.403555
9.65,0.346925,0.842559,0.411991
9.66,0.34196,0.84043,0.420406
9.67,0.337008,0.838186,0.428799
9.68,0.33207,0.83583,0.43717
9.69,0.327146,0.833362,0.445516
9.7,0.322237,0.83078,0.453836
9.71,0.317343,0.828087,0.462131
9.72,0.312465,0.825283,0.470398
9.73,0.307605,0.822367,0.478636
9.74,0.302762,0.81934,0.486845
9.75,0.297937,0.816202,0.495023
9.76,0.293131,0.812955,0.503168
9.77,0.288344,0.809598,0.511281
9.78,0.283578,0.806132,0.51936
9.79,0.278832,0.802557,0.527404
9.8,0.274108,0.798874,0.535411
9.81,0.269405,0.795084,0.543381
9.82,0.264726,0.791186,0.551312
9.83,0.26007,0.787181,0.559204
9.84,0.255437,0.783071,0.567055
9.85,0.25083,0.778855,0.574865
9.86,0.246247,0.774534,0.582632
9.87,0.24169,0.770108,0.590355
9.88,0.23716,0.765579,0.598034
9.89,0.232657,0.760946,0.605667
9.9,0.228181,0.756211,0.613253
9.91,0.223734,0.751374,0.620791
9.92,0.219315,0.746435,0.62828
9.93,0.214926,0.741396,0.635719
9.94,0.210567,0.736257,0.643107
9.95,0.206238,0.731019,0.650444
9.96,0.201941,0.725682,0.657727
9.97,0.197675,0.720248,0.664957
9.98,0.193442,0.714716,0.672132
9.99,0.189242,0.709088,0.679251
10,0.185075,0.703364,0.686313
10.01,0.180942,0.697546,0.693318
10.02,0.176844,0.691633,0.700264
10.03,0.172781,0.685627,0.70715
10.04,0.168754,0.679529,0.713976
10.05,0.164763,0.673339,0.720741
10.06,0.160809,0.667059,0.727443
10.07,0.156892,0.660688,0.734082
10.08,0.153013,0.654229,0.740656
10.09,0.149172,0.647681,0.747166
10.1,0.14537,0.641046,0.75361
10.11,0.141608,0.634325,0.759986
10.12,0.137886,0.627518,0.766296
10.13,0.134203,0.620626,0.772537
10.14,0.130562,0.613651,0.778708
10.15,0.126963,0.606593,0.784809
10.16,0.123405,0.599453,0.79084
10.17,0.119889,0.592233,0.796798
10.18,0.116416,0.584932,0.802684
10.19,0.112987,0.577553,0.808496
10.2,0.109602,0.570096,0.814235
10.21,0.10626,0.562562,0.819898
10.22,0.102963,0.554952,0.825486
10.23,0.0997118,0.547268,0.830997
10.24,0.0965058,0.539509,0.836431
10.25,0.0933458,0.531678,0.841787
10.26,0.0902322,0.523775,0.847064
10.27,0.0871654,0.515802,0.852262
10.28,0.0841458,0.507759,0.85738
10.29,0.0811739,0.499648,0.862417
10.3,0.0782501,0.491469,0.867373
10.31,0.0753747,0.483224,0.872246
10.32,0.0725482,0.474914,0.877037
10.33,0.0697709,0.466539,0.881744
10.34,0.0670432,0.458102,0.886368
10.35,0.0643654,0.449604,0.890906
10.36,0.061738,0.441044,0.895359
10.37,0.0591612,0.432425,0.899727
10.38,0.0566355,0.423748,0.904008
10.39,0.0541611,0.415014,0.908202
10.4,0.0517384,0.406224,0.912308
10.41,0.0493678,0.397379,0.916326
10.42,0.0470494,0.38848,0.920255
10.43,0.0447838,0.379529,0.924095
10.44,0.0425711,0.370527,0.927846
10.45,0.0404117,0.361475,0.931506
10.46,0.0383058,0.352374,0.935075
10.47,0.0362537,0.343226,0.938553
10.48,0.0342558,0.334031,0.941939
10.49,0.0323123,0.324792,0.945233
10.5,0.0304234,0.315508,0.948435
10.51,0.0285894,0.306182,0.951543
10.52,0.0268105,0.296815,0.954558
10.53,0.025087,0.287408,0.95748
10.54,0.0234192,0.277962,0.960307
10.55,0.0218071,0.268479,0.963039
10.56,0.0202512,0.258959,0.965676
10.57,0.0187515,0.249405,0.968218
10.58,0.0173083,0.239816,0.970664
10.59,0.0159217,0.230196,0.973014
10.6,0.014592,0.220544,0.975268
10.61,0.0133193,0.210863,0.977425
10.62,0.0121039,0.201154,0.979485
10.63,0.0109458,0.191417,0.981448
10.64,0.00984522,0.181654,0.983313
10.65,0.00880232,0.171867,0.985081
10.66,0.00781723,0.162057,0.98675
10.67,0.00689009,0.152225,0.988322
10.68,0.00602102,0.142372,0.989795
10.69,0.00521014,0.1325,0.991169
10.7,0.00445755,0.122611,0.992445
10.71,0.00376336,0.112705,0.993621
10.72,0.00312767,0.102783,0.994699
10.73,0.00255055,0.0928479,0.995677
10.74,0.00203209,0.0829001,0.996556
10.75,0.00157235,0.0729412,0.997335
10.76,0.0011714,0.0629724,0.998015
10.77,0.00082929,0.0529952,0.998594
10.78,0.00054607,0.0430108,0.999074
10.79,0.000321774,0.0330206,0.999455
10.8,0.000156435,0.0230259,0.999735
10.81,5.00743e-05,0.0130282,0.999915
10.82,2.70602e-06,0.00302868,0.999995
10.83,1.43367e-05,-0.00697123,0.999976
10.84,8.49647e-05,-0.0169702,0.999856
10.85,0.000214581,-0.0269669,0.999636
10.86,0.000403167,-0.03696,0.999317
10.87,0.000650698,-0.046948,0.998897
10.88,0.000957141,-0.0569298,0.998378
10.89,0.00132245,-0.0669038,0.997759
10.9,0.00174659,-0.0768689,0.99704
10.91,0.00222949,-0.0868236,0.996221
10.92,0.00277108,-0.0967666,0.995303
10.93,0.00337131,-0.106696,0.994286
10.94,0.00403007,-0.116612,0.993169
10.95,0.0047473,-0.126512,0.991954
10.96,0.00552288,-0.136395,0.990639
10.97,0.00635672,-0.146259,0.989226
10.98,0.0072487,-0.156104,0.987714
10.99,0.0081987,-0.165927,0.986104
11,0.0092066,-0.175729,0.984396
11.01,0.0102723,-0.185506,0.982589
11.02,0.0113955,-0.195259,0.980686
11.03,0.0125763,-0.204985,0.978684
11.04,0.0138143,-0.214684,0.976586
11.05,0.0151095,-0.224353,0.974391
11.06,0.0164616,-0.233993,0.972099
11.07,0.0178705,-0.243601,0.969711
11.08,0.019336,-0.253176,0.967227
11.09,0.0208579,-0.262717,0.964648
11.1,0.022436,-0.272222,0.961973
11.11,0.0240701,-0.281691,0.959203
11.12,0.0257599,-0.291122,0.956339
11.13,0.0275052,-0.300513,0.953381
11.14,0.0293059,-0.309864,0.950329
11.15,0.0311615,-0.319174,0.947184
11.16,0.033072,-0.32844,0.943946
11.17,0.035037,-0.337662,0.940615
11.18,0.0370563,-0.346838,0.937193
11.19,0.0391296,-0.355968,0.933679
11.2,0.0412567,-0.36505,0.930073
11.21,0.0434371,-0.374082,0.926378
11.22,0.0456707,-0.383064,0.922592
11.23,0.0479572,-0.391995,0.918717
11.24,0.0502962,-0.400872,0.914752
11.25,0.0526874,-0.409696,0.910699
11.26,0.0551305,-0.418464,0.906559
11.27,0.0576251,-0.427176,0.90233
11.28,0.060171,-0.43583,0.898015
11.29,0.0627678,-0.444426,0.893614
11.3,0.0654152,-0.452962,0.889127
11.31,0.0681127,-0.461436,0.884555
11.32,0.07086,-0.469849,0.879898
11.33,0.0736567,-0.478198,0.875158
11.34,0.0765026,-0.486482,0.870335
11.35,0.0793971,-0.494701,0.865429
11.36,0.0823399,-0.502854,0.860441
11.37,0.0853306,-0.510938,0.855372
11.38,0.0883689,-0.518954,0.850222
11.39,0.0914542,-0.526899,0.844993
11.4,0.0945861,-0.534774,0.839685
11.41,0.0977644,-0.542577,0.834298
11.42,0.100988,-0.550306,0.828833
11.43,0.104258,-0.557961,0.823292
11.44,0.107572,-0.565541,0.817674
11.45,0.110931,-0.573045,0.811981
11.46,0.114334,-0.580472,0.806214
11.47,0.11778,-0.58782,0.800372
11.48,0.12127,-0.595089,0.794457
11.49,0.124802,-0.602278,0.788471
11.5,0.128377,-0.609385,0.782412
11.51,0.131993,-0.616411,0.776283
11.52,0.13565,-0.623353,0.770084
11.53,0.139348,-0.630212,0.763816
11.54,0.143087,-0.636985,0.75748
11.55,0.146865,-0.643672,0.751077
11.56,0.150682,-0.650273,0.744607
11.57,0.154538,-0.656786,0.738072
11.58,0.158432,-0.663211,0.731472
11.59,0.162363,-0.669546,0.724808
11.6,0.166332,-0.675791,0.718081
11.61,0.170338,-0.681945,0.711292
11.62,0.174379,-0.688006,0.704442
11.63,0.178456,-0.693975,0.697533
11.64,0.182568,-0.699851,0.690563
11.65,0.186714,-0.705632,0.683536
11.66,0.190894,-0.711318,0.676451
11.67,0.195107,-0.716908,0.66931
11.68,0.199353,-0.722402,0.662113
11.69,0.203631,-0.727798,0.654862
11.7,0.207941,-0.733096,0.647557
11.71,0.212282,-0.738295,0.6402
11.72,0.216653,-0.743395,0.632792
11.73,0.221054,-0.748394,0.625333
11.74,0.225484,-0.753293,0.617824
11.75,0.229942,-0.75809,0.610267
11.76,0.234429,-0.762785,0.602663
11.77,0.238943,-0.767377,0.595012
11.78,0.243484,-0.771865,0.587316
11.79,0.248051,-0.77625,0.579575
11.8,0.252643,-0.78053,0.571791
11.81,0.257261,-0.784704,0.563965
11.82,0.261903,-0.788773,0.556097
11.83,0.266568,-0.792735,0.54819
11.84,0.271257,-0.796591,0.540243
11.85,0.275968,-0.800339,0.532258
11.86,0.2807,-0.80398,0.524237
11.87,0.285454,-0.807512,0.516179
11.88,0.290229,-0.810935,0.508087
11.89,0.295023,-0.814249,0.499961
11.9,0.299837,-0.817453,0.491802
11.91,0.304669,-0.820546,0.483612
11.92,0.309519,-0.82353,0.475392
11.93,0.314386,-0.826402,0.467142
11.94,0.31927,-0.829162,0.458864
11.95,0.32417,-0.831811,0.450559
11.96,0.329085,-0.834348,0.442228
11.97,0.334015,-0.836773,0.433872
11.98,0.338959,-0.839084,0.425493
11.99,0.343916,-0.841283,0.417091
12,0.348886,-0.843368,0.408668
12.01,0.353868,-0.845339,0.400224
12.02,0.358861,-0.847197,0.391761
12.03,0.363865,-0.84894,0.38328
12.04,0.368878,-0.850568,0.374783
12.05,0.373901,-0.852083,0.36627
12.06,0.378932,-0.853482,0.357742
12.07,0.383972,-0.854766,0.3492
12.08,0.389018,-0.855935,0.340647
12.09,0.394072,-0.856988,0.332082
12.1,0.399131,-0.857926,0.323507
12.11,0.404195,-0.858749,0.314924
12.12,0.409264,-0.859455,0.306333
12.13,0.414336,-0.860046,0.297735
12.14,0.419412,-0.860521,0.289132
12.15,0.42449,-0.86088,0.280525
12.16,0.42957,-0.861122,0.271915
12.17,0.434651,-0.861249,0.263303
12.18,0.439733,-0.86126,0.25469
12.19,0.444814,-0.861154,0.246078
12.2,0.449894,-0.860932,0.237468
12.21,0.454973,-0.860595,0.22886
12.22,0.460049,-0.860141,0.220256
12.23,0.465122,-0.859571,0.211657
12.24,0.470192,-0.858886,0.203065
12.25,0.475257,-0.858084,0.19448
12.26,0.480317,-0.857167,0.185904
12.27,0.485371,-0.856135,0.177337
12.28,0.490419,-0.854987,0.168782
12.29,0.49546,-0.853723,0.160238
12.3,0.500493,-0.852345,0.151707
12.31,0.505517,-0.850852,0.143191
12.32,0.510532,-0.849244,0.134691
12.33,0.515538,-0.847521,0.126207
12.34,0.520533,-0.845685,0.117741
12.35,0.525517,-0.843734,0.109294
12.36,0.530489,-0.84167,0.100866
12.37,0.535448,-0.839492,0.0924605
12.38,0.540395,-0.837201,0.084077
12.39,0.545327,-0.834797,0.0757169
12.4,0.550245,-0.83228,0.0673814
12.41,0.555148,-0.829651,0.0590717
12.42,0.560035,-0.826911,0.0507888
12.43,0.564905,-0.824059,0.0425338
12.44,0.569758,-0.821096,0.0343079
12.45,0.574594,-0.818022,0.0261123
12.46,0.579411,-0.814838,0.0179479
12.47,0.584209,-0.811544,0.00981587
12.48,0.588987,-0.808141,0.00171735
12.49,0.593744,-0.804629,-0.00634659
12.5,0.598481,-0.801008,-0.0143749
12.51,0.603196,-0.797279,-0.0223664
12.52,0.607889,-0.793443,-0.0303201
12.53,0.612559,-0.7895,-0.0382349
12.54,0.617205,-0.78545,-0.0461097
12.55,0.621827,-0.781295,-0.0539435
12.56,0.626424,-0.777034,-0.0617353
12.57,0.630995,-0.772669,-0.0694839
12.58,0.635541,-0.768199,-0.0771883
12.59,0.64006,-0.763626,-0.0848475
12.6,0.644552,-0.758949,-0.0924605
12.61,0.649015,-0.754171,-0.100026
12.62,0.653451,-0.749291,-0.107544
12.63,0.657857,-0.74431,-0.115012
12.64,0.662233,-0.739228,-0.122429
12.65,0.66658,-0.734047,-0.129796
12.66,0.670895,-0.728767,-0.13711
12.67,0.675179,-0.723388,-0.144371
12.68,0.679431,-0.717912,-0.151577
12.69,0.68365,-0.71234,-0.158729
12.7,0.687836,-0.706671,-0.165824
12.71,0.691989,-0.700907,-0.172862
12.72,0.696107,-0.695049,-0.179842
12.73,0.70019,-0.689096,-0.186763
12.74,0.704238,-0.683051,-0.193623
12.75,0.70825,-0.676914,-0.200423
12.76,0.712225,-0.670686,-0.207161
12.77,0.716164,-0.664367,-0.213837
12.78,0.720065,-0.657959,-0.220448
12.79,0.723927,-0.651462,-0.226996
12.8,0.727752,-0.644877,-0.233477
12.81,0.731537,-0.638205,-0.239893
12.82,0.735282,-0.631447,-0.246241
12.83,0.738988,-0.624604,-0.252521
12.84,0.742652,-0.617677,-0.258733
12.85,0.746276,-0.610666,-0.264875
12.86,0.749858,-0.603574,-0.270946
12.87,0.753398,-0.596399,-0.276946
12.88,0.756895,-0.589145,-0.282874
12.89,0.76035,-0.581811,-0.288729
12.9,0.763761,-0.574399,-0.29451
12.91,0.767128,-0.566909,-0.300216
12.92,0.77045,-0.559342,-0.305848
12.93,0.773728,-0.551701,-0.311403
12.94,0.77696,-0.543985,-0.316881
12.95,0.780147,-0.536195,-0.322282
12.96,0.783287,-0.528334,-0.327605
12.97,0.786381,-0.520401,-0.332849
12.98,0.789428,-0.512398,-0.338013
12.99,0.792427,-0.504326,-0.343096
13,0.795378,-0.496186,-0.348099
13.01,0.798282,-0.487979,-0.35302
13.02,0.801136,-0.479706,-0.357858
13.03,0.803942,-0.471368,-0.362614
13.04,0.806699,-0.462967,-0.367286
13.05,0.809405,-0.454504,-0.371873
13.06,0.812062,-0.445979,-0.376375
13.07,0.814668,-0.437395,-0.380792
13.08,0.817223,-0.428751,-0.385123
13.09,0.819727,-0.420049,-0.389367
13.1,0.822179,-0.411291,-0.393524
13.11,0.82458,-0.402477,-0.397593
13.12,0.826928,-0.39361,-0.401573
13.13,0.829224,-0.384689,-0.405465
13.14,0.831467,-0.375716,-0.409267
13.15,0.833658,-0.366692,-0.412979
13.16,0.835794,-0.35762,-0.416601
13.17,0.837877,-0.348498,-0.420131
13.18,0.839907,-0.33933,-0.42357
13.19,0.841881,-0.330117,-0.426918
13.2,0.843802,-0.320858,-0.430173
13.21,0.845667,-0.311557,-0.433335
13.22,0.847478,-0.302213,-0.436404
13.23,0.849234,-0.292829,-0.439379
13.24,0.850933,-0.283405,-0.44226
13.25,0.852578,-0.273943,-0.445047
13.26,0.854166,-0.264444,-0.447739
13.27,0.855698,-0.254909,-0.450336
13.28,0.857174,-0.24534,-0.452837
13.29,0.858593,-0.235738,-0.455242
13.3,0.859955,-0.226105,-0.457552
13.31,0.861261,-0.21644,-0.459764
13.32,0.862509,-0.206747,-0.46188
13.33,0.8637,-0.197026,-0.463899
13.34,0.864834,-0.187278,-0.465821
13.35,0.86591,-0.177505,-0.467645
13.36,0.866929,-0.167708,-0.469371
13.37,0.867889,-0.157888,-0.470999
13.38,0.868792,-0.148047,-0.472528
13.39,0.869636,-0.138186,-0.47396
13.4,0.870422,-0.128306,-0.475292
13.41,0.87115,-0.11841,-0.476526
13.42,0.871819,-0.108497,-0.47766
13.43,0.87243,-0.0985694,-0.478695
13.44,0.872983,-0.0886287,-0.479631
13.45,0.873476,-0.078676,-0.480468
13.46,0.873911,-0.0687128,-0.481205
13.47,0.874287,-0.0587402,-0.481842
13.48,0.874604,-0.0487598,-0.48238
13.49,0.874862,-0.0387728,-0.482817
13.5,0.875062,-0.0287805,-0.483155
13.51,0.875202,-0.0187844,-0.483393
13.52,0.875283,-0.00878571,-0.483531
13.53,0.875306,0.00121414,-0.483569
13.54,0.875269,0.0112138,-0.483507
13.55,0.875173,0.021212,-0.483344
13.56,0.875019,0.0312073,-0.483082
13.57,0.874805,0.0411984,-0.48272
13.58,0.874532,0.051184,-0.482258
13.59,0.874201,0.0611626,-0.481697
13.6,0.873811,0.071133,-0.481035
13.61,0.873362,0.0810938,-0.480274
13.62,0.872854,0.0910437,-0.479413
13.63,0.872287,0.100981,-0.478453
13.64,0.871662,0.110905,-0.477394
13.65,0.870979,0.120814,-0.476235
13.66,0.870237,0.130707,-0.474978
13.67,0.869436,0.140582,-0.473621
13.68,0.868578,0.150438,-0.472166
13.69,0.867661,0.160274,-0.470612
13.7,0.866687,0.170089,-0.468961
13.71,0.865654,0.17988,-0.467211
13.72,0.864564,0.189647,-0.465363
13.73,0.863417,0.199389,-0.463418
13.74,0.862211,0.209103,-0.461375
13.75,0.860949,0.21879,-0.459236
13.76,0.85963,0.228447,-0.457
13.77,0.858254,0.238073,-0.454667
13.78,0.856821,0.247667,-0.452238
13.79,0.855331,0.257228,-0.449714
13.8,0.853785,0.266754,-0.447094
13.81,0.852183,0.276244,-0.444379
13.82,0.850526,0.285697,-0.441569
13.83,0.848812,0.295111,-0.438665
13.84,0.847044,0.304486,-0.435667
13.85,0.84522,0.313819,-0.432575
13.86,0.843341,0.32311,-0.429391
13.87,0.841407,0.332358,-0.426113
13.88,0.839419,0.341561,-0.422744
13.89,0.837377,0.350718,-0.419282
13.9,0.83528,0.359827,-0.41573
13.91,0.833131,0.368888,-0.412086
13.92,0.830928,0.377899,-0.408352
13.93,0.828672,0.38686,-0.404528
13.94,0.826363,0.395768,-0.400615
13.95,0.824002,0.404623,-0.396613
13.96,0.821588,0.413423,-0.392523
13.97,0.819123,0.422167,-0.388345
13.98,0.816607,0.430855,-0.384079
13.99,0.814039,0.439485,-0.379728
14,0.811421,0.448055,-0.37529
14.01,0.808752,0.456565,-0.370767
14.02,0.806034,0.465013,-0.366159
14.03,0.803265,0.473399,-0.361467
14.04,0.800448,0.481721,-0.356691
14.05,0.797581,0.489978,-0.351833
14.06,0.794666,0.498168,-0.346892
14.07,0.791703,0.506292,-0.341869
14.08,0.788692,0.514348,-0.336766
14.09,0.785634,0.522334,-0.331583
14.1,0.782529,0.530249,-0.32632
14.11,0.779377,0.538094,-0.320978
14.12,0.776179,0.545865,-0.315558
14.13,0.772936,0.553563,-0.310061
14.14,0.769647,0.561187,-0.304487
14.15,0.766314,0.568734,-0.298837
14.16,0.762936,0.576206,-0.293113
14.17,0.759515,0.583599,-0.287314
14.18,0.75605,0.590914,-0.281441
14.19,0.752542,0.598149,-0.275496
14.2,0.748992,0.605303,-0.269478
14.21,0.7454,0.612376,-0.26339
14.22,0.741766,0.619367,-0.257231
14.23,0.738092,0.626273,-0.251003
14.24,0.734376,0.633096,-0.244706
14.25,0.730621,0.639833,-0.238341
14.26,0.726827,0.646484,-0.231909
14.27,0.722993,0.653047,-0.225412
14.28,0.719121,0.659523,-0.218849
14.29,0.715211,0.66591,-0.212222
14.3,0.711263,0.672207,-0.205531
14.31,0.707279,0.678413,-0.198778
14.32,0.703258,0.684528,-0.191963
14.33,0.699202,0.69055,-0.185087
14.34,0.69511,0.69648,-0.178152
14.35,0.690983,0.702315,-0.171158
14.36,0.686823,0.708056,-0.164106
14.37,0.682628,0.713702,-0.156997
14.38,0.678401,0.719251,-0.149833
14.39,0.674141,0.724703,-0.142613
14.4,0.66985,0.730058,-0.135339
14.41,0.665527,0.735314,-0.128012
14.42,0.661173,0.740471,-0.120633
14.43,0.65679,0.745528,-0.113203
14.44,0.652376,0.750485,-0.105723
14.45,0.647934,0.755341,-0.0981934
14.46,0.643464,0.760094,-0.0906161
14.47,0.638965,0.764746,-0.0829919
14.48,0.63444,0.769294,-0.0753216
14.49,0.629888,0.773738,-0.0676063
14.5,0.62531,0.778078,-0.0598472
14.51,0.620707,0.782314,-0.0520451
14.52,0.616079,0.786443,-0.0442012
14.53,0.611427,0.790467,-0.0363166
14.54,0.606751,0.794384,-0.0283922
14.55,0.602053,0.798195,-0.0204293
14.56,0.597333,0.801897,-0.0124287
14.57,0.592591,0.805491,-0.00439168
14.58,0.587828,0.808977,0.00368076
14.59,0.583045,0.812354,0.0117875
14.6,0.578243,0.815621,0.0199275
14.61,0.573421,0.818779,0.0280996
14.62,0.568581,0.821826,0.0363027
14.63,0.563724,0.824762,0.0445357
14.64,0.558849,0.827587,0.0527975
14.65,0.553959,0.8303,0.0610871
14.66,0.549052,0.832902,0.0694032
14.67,0.544131,0.835391,0.0777447
14.68,0.539195,0.837767,0.0861106
14.69,0.534245,0.840031,0.0944997
14.7,0.529283,0.842181,0.102911
14.71,0.524308,0.844218,0.111343
14.72,0.519321,0.846141,0.119795
14.73,0.514323,0.84795,0.128265
14.74,0.509315,0.849645,0.136753
14.75,0.504298,0.851225,0.145258
14.76,0.499271,0.85269,0.153778
14.77,0.494236,0.854041,0.162311
14.78,0.489194,0.855276,0.170858
14.79,0.484144,0.856396,0.179416
14.8,0.479089,0.8574,0.187986
14.81,0.474027,0.858289,0.196564
14.82,0.468961,0.859063,0.205151
14.83,0.46389,0.85972,0.213745
14.84,0.458816,0.860262,0.222345
14.85,0.45374,0.860687,0.23095
14.86,0.448661,0.860997,0.239558
14.87,0.44358,0.86119,0.248169
14.88,0.438499,0.861268,0.256782
14.89,0.433417,0.861229,0.265394
14.9,0.428337,0.861074,0.274006
14.91,0.423257,0.860803,0.282615
14.92,0.418179,0.860416,0.291222
14.93,0.413104,0.859913,0.299823
14.94,0.408033,0.859294,0.308419
14.95,0.402965,0.85856,0.317009
14.96,0.397902,0.857709,0.32559
14.97,0.392844,0.856743,0.334163
14.98,0.387792,0.855662,0.342725
14.99,0.382747,0.854465,0.351275
15,0.37771,0.853153,0.359814
15.01,0.37268,0.851725,0.368338
15.02,0.36766,0.850184,0.376848
15.03,0.362649,0.848527,0.385341
15.04,0.357647,0.846756,0.393818
15.05,0.352657,0.844871,0.402276
15.06,0.347678,0.842872,0.410715
15.07,0.342711,0.840759,0.419133
15.08,0.337757,0.838533,0.42753
15.09,0.332817,0.836194,0.435904
15.1,0.327891,0.833743,0.444253
15.11,0.322979,0.831179,0.452578
15.12,0.318083,0.828502,0.460877
15.13,0.313203,0.825714,0.469148
15.14,0.30834,0.822815,0.47739
15.15,0.303494,0.819805,0.485604
15.16,0.298666,0.816685,0.493786
15.17,0.293857,0.813454,0.501937
15.18,0.289068,0.810114,0.510055
15.19,0.284298,0.806664,0.518139
15.2,0.279549,0.803106,0.526188
15.21,0.274822,0.799439,0.534201
15.22,0.270116,0.795665,0.542176
15.23,0.265433,0.791783,0.550114
15.24,0.260773,0.787795,0.558012
15.25,0.256137,0.7837,0.565869
15.26,0.251526,0.7795,0.573685
15.27,0.246939,0.775195,0.581459
15.28,0.242379,0.770785,0.589189
15.29,0.237844,0.766271,0.596874
15.3,0.233337,0.761654,0.604514
15.31,0.228857,0.756934,0.612107
15.32,0.224405,0.752113,0.619652
15.33,0.219982,0.74719,0.627149
15.34,0.215589,0.742166,0.634596
15.35,0.211225,0.737042,0.641992
15.36,0.206892,0.731819,0.649336
15.37,0.20259,0.726497,0.656628
15.38,0.198319,0.721077,0.663866
15.39,0.194081,0.71556,0.671049
15.4,0.189876,0.709946,0.678177
15.41,0.185704,0.704237,0.685248
15.42,0.181566,0.698433,0.692261
15.43,0.177463,0.692535,0.699216
15.44,0.173394,0.686543,0.706111
15.45,0.169362,0.680459,0.712946
15.46,0.165365,0.674283,0.71972
15.47,0.161405,0.668016,0.726432
15.48,0.157483,0.661659,0.73308
15.49,0.153598,0.655213,0.739665
15.5,0.149751,0.648678,0.746184
15.51,0.145944,0.642056,0.752638
15.52,0.142175,0.635348,0.759025
15.53,0.138447,0.628554,0.765345
15.54,0.134758,0.621675,0.771596
15.55,0.131111,0.614713,0.777778
15.56,0.127505,0.607667,0.78389
15.57,0.123941,0.60054,0.789931
15.58,0.120419,0.593331,0.7959
15.59,0.11694,0.586043,0.801797
15.6,0.113504,0.578675,0.807621
15.61,0.110111,0.57123,0.813371
15.62,0.106763,0.563708,0.819045
15.63,0.10346,0.556109,0.824644
15.64,0.100201,0.548436,0.830167
15.65,0.0969884,0.540689,0.835613
15.66,0.0938213,0.532869,0.840981
15.67,0.0907007,0.524977,0.84627
15.68,0.0876268,0.517014,0.85148
15.69,0.0846,0.508981,0.85661
15.7,0.0816209,0.50088,0.861659
15.71,0.0786898,0.492712,0.866627
15.72,0.075807,0.484477,0.871513
15.73,0.0729731,0.476176,0.876317
15.74,0.0701883,0.467812,0.881037
15.75,0.067453,0.459384,0.885673
15.76,0.0647677,0.450895,0.890224
15.77,0.0621326,0.442344,0.894691
15.78,0.0595481,0.433734,0.899071
15.79,0.0570146,0.425066,0.903365
15.8,0.0545325,0.41634,0.907572
15.81,0.0521019,0.407558,0.911692
15.82,0.0497234,0.398722,0.915723
15.83,0.0473971,0.389831,0.919666
15.84,0.0451235,0.380888,0.92352
15.85,0.0429028,0.371893,0.927283
15.86,0.0407352,0.362849,0.930957
15.87,0.0386212,0.353755,0.93454
15.88,0.036561,0.344614,0.938032
15.89,0.0345549,0.335427,0.941432
15.9,0.0326031,0.326194,0.944741
15.91,0.0307059,0.316917,0.947956
15.92,0.0288635,0.307597,0.951079
15.93,0.0270763,0.298236,0.954108
15.94,0.0253444,0.288835,0.957043
15.95,0.0236681,0.279395,0.959885
15.96,0.0220477,0.269917,0.962631
15.97,0.0204832,0.260403,0.965283
15.98,0.018975,0.250854,0.967839
15.99,0.0175232,0.24127,0.9703
16,0.016128,0.231655,0.972664
16.01,0.0147897,0.222008,0.974933
16.02,0.0135084,0.212331,0.977104
16.03,0.0122843,0.202626,0.979179
16.04,0.0111175,0.192893,0.981157
16.05,0.0100082,0.183134,0.983037
16.06,0.00895654,0.173351,0.984819
16.07,0.00796269,0.163544,0.986504
16.08,0.00702676,0.153715,0.98809
16.09,0.00614889,0.143865,0.989578
16.1,0.00532919,0.133996,0.990967
16.11,0.00456777,0.124109,0.992258
16.12,0.00386473,0.114206,0.99345
16.13,0.00322017,0.104287,0.994542
16.14,0.00263418,0.0943533,0.995535
16.15,0.00210683,0.0844073,0.996429
16.16,0.00163819,0.07445,0.997223
16.17,0.00122834,0.0644826,0.997918
16.18,0.000877315,0.0545066,0.998513
16.19,0.000585174,0.0445232,0.999008
16.2,0.000351953,0.0345338,0.999403
16.21,0.000177684,0.0245397,0.999699
16.22,6.2391e-05,0.0145423,0.999894
16.23,6.08854e-06,0.00454301,0.99999
16.24,8.78462e-06,-0.00545693,0.999985
16.25,7.04789e-05,-0.0154561,0.999881
16.26,0.000191163,-0.0254533,0.999676
16.27,0.000370821,-0.035447,0.999371
16.28,0.000609428,-0.0454359,0.998967
16.29,0.000906952,-0.0554187,0.998463
16.3,0.00126335,-0.065394,0.997859
16.31,0.00167858,-0.0753605,0.997155
16.32,0.00215259,-0.0853168,0.996352
16.33,0.0026853,-0.0952617,0.995449
16.34,0.00327665,-0.105194,0.994446
16.35,0.00392656,-0.115111,0.993345
16.36,0.00463493,-0.125014,0.992144
16.37,0.00540169,-0.134899,0.990845
16.38,0.00622671,-0.144766,0.989446
16.39,0.00710989,-0.154614,0.987949
16.4,0.00805112,-0.164441,0.986354
16.41,0.00905025,-0.174246,0.984661
16.42,0.0101072,-0.184027,0.982869
16.43,0.0112217,-0.193784,0.98098
16.44,0.0123938,-0.203514,0.978994
16.45,0.0136231,-0.213217,0.97691
16.46,0.0149097,-0.222891,0.974729
16.47,0.0162532,-0.232535,0.972452
16.48,0.0176535,-0.242148,0.970079
16.49,0.0191105,-0.251728,0.967609
16.5,0.0206238,-0.261274,0.965044
16.51,0.0221934,-0.270785,0.962384
16.52,0.023819,-0.280259,0.959629
16.53,0.0255004,-0.289696,0.956779
16.54,0.0272374,-0.299094,0.953835
16.55,0.0290296,-0.308451,0.950797
16.56,0.030877,-0.317767,0.947666
16.57,0.0327792,-0.327039,0.944442
16.58,0.034736,-0.336268,0.941125
16.59,0.0367471,-0.345452,0.937717
16.6,0.0388122,-0.354588,0.934217
16.61,0.0409311,-0.363678,0.930625
16.62,0.0431035,-0.372718,0.926943
16.63,0.0453291,-0.381707,0.923171
16.64,0.0476076,-0.390646,0.919309
16.65,0.0499386,-0.399531,0.915358
16.66,0.0523219,-0.408363,0.911319
16.67,0.0547572,-0.41714,0.907191
16.68,0.0572441,-0.425861,0.902976
16.69,0.0597822,-0.434524,0.898674
16.7,0.0623713,-0.443128,0.894286
16.71,0.065011,-0.451673,0.889812
16.72,0.067701,-0.460157,0.885253
16.73,0.0704408,-0.468579,0.880609
16.74,0.0732301,-0.476938,0.875881
16.75,0.0760685,-0.485232,0.87107
16.76,0.0789557,-0.493461,0.866177
16.77,0.0818912,-0.501623,0.861201
16.78,0.0848747,-0.509718,0.856145
16.79,0.0879057,-0.517744,0.851007
16.8,0.0909839,-0.525701,0.84579
16.81,0.0941089,-0.533586,0.840493
16.82,0.0972801,-0.5414,0.835118
16.83,0.100497,-0.54914,0.829666
16.84,0.10376,-0.556807,0.824136
16.85,0.107067,-0.564398,0.81853
16.86,0.11042,-0.571914,0.812848
16.87,0.113816,-0.579352,0.807092
16.88,0.117256,-0.586712,0.801261
16.89,0.120739,-0.593993,0.795358
16.9,0.124265,-0.601194,0.789382
16.91,0.127833,-0.608314,0.783334
16.92,0.131443,-0.615352,0.777216
16.93,0.135094,-0.622307,0.771027
16.94,0.138786,-0.629178,0.76477
16.95,0.142518,-0.635965,0.758444
16.96,0.14629,-0.642665,0.752051
16.97,0.150101,-0.649279,0.745591
16.98,0.153951,-0.655806,0.739066
16.99,0.15784,-0.662244,0.732475
17,0.161766,-0.668592,0.725821
17.01,0.165729,-0.674851,0.719104
17.02,0.169729,-0.681019,0.712324
17.03,0.173765,-0.687094,0.705484
17.04,0.177836,-0.693078,0.698583
17.05,0.181943,-0.698967,0.691622
17.06,0.186084,-0.704763,0.684604
17.07,0.190259,-0.710463,0.677528
17.08,0.194467,-0.716068,0.670395
17.09,0.198708,-0.721576,0.663206
17.1,0.202981,-0.726987,0.655964
17.11,0.207286,-0.7323,0.648667
17.12,0.211622,-0.737514,0.641318
17.13,0.215989,-0.742629,0.633917
17.14,0.220385,-0.747644,0.626466
17.15,0.224811,-0.752558,0.618965
17.16,0.229265,-0.75737,0.611415
17.17,0.233748,-0.76208,0.603818
17.18,0.238258,-0.766688,0.596174
17.19,0.242794,-0.771192,0.588484
17.2,0.247357,-0.775592,0.58075
17.21,0.251946,-0.779888,0.572973
17.22,0.25656,-0.784079,0.565153
17.23,0.261198,-0.788164,0.557291
17.24,0.26586,-0.792142,0.54939
17.25,0.270545,-0.796014,0.541449
17.26,0.275253,-0.799779,0.53347
17.27,0.279982,-0.803435,0.525454
17.28,0.284733,-0.806984,0.517401
17.29,0.289505,-0.810423,0.509314
17.3,0.294296,-0.813754,0.501193
17.31,0.299107,-0.816974,0.49304
17.32,0.303936,-0.820085,0.484854
17.33,0.308783,-0.823085,0.476638
17.34,0.313648,-0.825974,0.468393
17.35,0.31853,-0.828752,0.460119
17.36,0.323427,-0.831418,0.451818
17.37,0.32834,-0.833971,0.443491
17.38,0.333268,-0.836413,0.435139
17.39,0.33821,-0.838741,0.426763
17.4,0.343165,-0.840957,0.418365
17.41,0.348133,-0.843059,0.409945
17.42,0.353113,-0.845048,0.401504
17.43,0.358104,-0.846923,0.393044
17.44,0.363106,-0.848683,0.384566
17.45,0.368118,-0.850329,0.376071
17.46,0.37314,-0.851861,0.36756
17.47,0.37817,-0.853277,0.359034
17.48,0.383208,-0.854579,0.350495
17.49,0.388254,-0.855765,0.341943
17.5,0.393306,-0.856836,0.33338
17.51,0.398364,-0.857792,0.324806
17.52,0.403428,-0.858632,0.316224
17.53,0.408496,-0.859356,0.307634
17.54,0.413568,-0.859964,0.299037
17.55,0.418643,-0.860456,0.290435
17.56,0.423721,-0.860833,0.281829
17.57,0.428801,-0.861093,0.273219
17.58,0.433882,-0.861237,0.264607
17.59,0.438963,-0.861265,0.255995
17.6,0.444044,-0.861177,0.247382
17.61,0.449125,-0.860973,0.238771
17.62,0.454204,-0.860653,0.230163
17.63,0.45928,-0.860217,0.221559
17.64,0.464354,-0.859665,0.212959
17.65,0.469424,-0.858997,0.204366
17.66,0.47449,-0.858213,0.19578
17.67,0.479551,-0.857313,0.187202
17.68,0.484606,-0.856298,0.178634
17.69,0.489655,-0.855168,0.170076
17.7,0.494697,-0.853922,0.161531
17.71,0.499731,-0.852561,0.152998
17.72,0.504757,-0.851085,0.14448
17.73,0.509774,-0.849495,0.135977
17.74,0.514781,-0.84779,0.12749
17.75,0.519777,-0.84597,0.119022
17.76,0.524763,-0.844037,0.110571
17.77,0.529737,-0.841989,0.102141
17.78,0.534698,-0.839829,0.0937321
17.79,0.539646,-0.837555,0.085345
17.8,0.544581,-0.835168,0.0769813
17.81,0.549501,-0.832668,0.0686421
17.82,0.554406,-0.830057,0.0603283
17.83,0.559296,-0.827333,0.0520413
17.84,0.564169,-0.824498,0.0437821
17.85,0.569024,-0.821552,0.0355517
17.86,0.573863,-0.818495,0.0273514
17.87,0.578683,-0.815327,0.0191822
17.88,0.583483,-0.81205,0.0110452
17.89,0.588264,-0.808663,0.00294155
17.9,0.593025,-0.805167,-0.00512769
17.91,0.597765,-0.801563,-0.0131614
17.92,0.602484,-0.797851,-0.0211586
17.93,0.60718,-0.794031,-0.0291181
17.94,0.611853,-0.790104,-0.0370389
17.95,0.616503,-0.78607,-0.0449198
17.96,0.621128,-0.781931,-0.0527599
17.97,0.625729,-0.777686,-0.0605581
17.98,0.630305,-0.773336,-0.0683133
17.99,0.634854,-0.768882,-0.0760245
18,0.639377,-0.764325,-0.0836906
18.01,0.643873,-0.759664,-0.0913106
18.02,0.648341,-0.754901,-0.0988835
18.03,0.652781,-0.750036,-0.106408
18.04,0.657192,-0.74507,-0.113884
18.05,0.661573,-0.740004,-0.121309
18.06,0.665923,-0.734838,-0.128684
18.07,0.670243,-0.729573,-0.136006
18.08,0.674532,-0.724209,-0.143275
18.09,0.678789,-0.718748,-0.15049
18.1,0.683013,-0.71319,-0.157649
18.11,0.687204,-0.707536,-0.164753
18.12,0.691362,-0.701786,-0.1718
18.13,0.695485,-0.695942,-0.178789
18.14,0.699574,-0.690004,-0.185718
18.15,0.703627,-0.683973,-0.192588
18.16,0.707645,-0.677849,-0.199397
18.17,0.711626,-0.671635,-0.206145
18.18,0.71557,-0.66533,-0.21283
18.19,0.719476,-0.658935,-0.219451
18.2,0.723345,-0.652451,-0.226008
18.21,0.727175,-0.645879,-0.2325
18.22,0.730966,-0.639221,-0.238926
18.23,0.734718,-0.632476,-0.245284
18.24,0.738429,-0.625646,-0.251575
18.25,0.7421,-0.618731,-0.257797
18.26,0.74573,-0.611733,-0.263949
18.27,0.749318,-0.604653,-0.270031
18.28,0.752865,-0.597491,-0.276042
18.29,0.756369,-0.590249,-0.281981
18.3,0.75983,-0.582927,-0.287847
18.31,0.763247,-0.575526,-0.293639
18.32,0.766621,-0.568048,-0.299357
18.33,0.76995,-0.560493,-0.305
18.34,0.773234,-0.552863,-0.310567
18.35,0.776473,-0.545158,-0.316057
18.36,0.779667,-0.53738,-0.321469
18.37,0.782814,-0.529529,-0.326804
18.38,0.785915,-0.521607,-0.33206
18.39,0.788969,-0.513614,-0.337236
18.4,0.791976,-0.505552,-0.342332
18.41,0.794935,-0.497423,-0.347347
18.42,0.797845,-0.489226,-0.35228
18.43,0.800707,-0.480963,-0.357131
18.44,0.80352,-0.472635,-0.361899
18.45,0.806284,-0.464244,-0.366584
18.46,0.808998,-0.45579,-0.371184
18.47,0.811662,-0.447274,-0.375699
18.48,0.814276,-0.438698,-0.380129
18.49,0.816839,-0.430064,-0.384473
18.5,0.819351,-0.421371,-0.38873
18.51,0.821811,-0.412621,-0.3929
18.52,0.82422,-0.403816,-0.396982
18.53,0.826576,-0.394956,-0.400976
18.54,0.82888,-0.386043,-0.404881
18.55,0.831131,-0.377078,-0.408697
18.56,0.833329,-0.368062,-0.412423
18.57,0.835474,-0.358997,-0.416058
18.58,0.837565,-0.349883,-0.419602
18.59,0.839603,-0.340722,-0.423056
18.6,0.841586,-0.331515,-0.426417
18.61,0.843515,-0.322263,-0.429686
18.62,0.845388,-0.312968,-0.432862
18.63,0.847207,-0.303631,-0.435945
18.64,0.848971,-0.294252,-0.438934
18.65,0.85068,-0.284835,-0.44183
18.66,0.852332,-0.275378,-0.444631
18.67,0.853929,-0.265885,-0.447337
18.68,0.85547,-0.256356,-0.449948
18.69,0.856954,-0.246792,-0.452464
18.7,0.858382,-0.237195,-0.454884
18.71,0.859753,-0.227566,-0.457208
18.72,0.861067,-0.217906,-0.459435
18.73,0.862324,-0.208217,-0.461566
18.74,0.863524,-0.1985,-0.4636
18.75,0.864666,-0.188756,-0.465536
18.76,0.865751,-0.178986,-0.467375
18.77,0.866778,-0.169193,-0.469116
18.78,0.867747,-0.159376,-0.470758
18.79,0.868659,-0.149538,-0.472303
18.8,0.869512,-0.139681,-0.473749
18.81,0.870307,-0.129804,-0.475097
18.82,0.871044,-0.119909,-0.476345
18.83,0.871722,-0.109999,-0.477495
18.84,0.872342,-0.100074,-0.478545
18.85,0.872903,-0.0901349,-0.479496
18.86,0.873405,-0.0801839,-0.480348
18.87,0.873849,-0.0702222,-0.4811
18.88,0.874234,-0.060251,-0.481752
18.89,0.87456,-0.0502716,-0.482305
18.9,0.874827,-0.0402855,-0.482758
18.91,0.875035,-0.030294,-0.48311
18.92,0.875184,-0.0202983,-0.483363
18.93,0.875275,-0.0103,-0.483516
18.94,0.875306,-0.000300207,-0.483569
18.95,0.875278,0.00969959,-0.483522
18.96,0.875192,0.0196981,-0.483375
18.97,0.875046,0.0296939,-0.483128
18.98,0.874841,0.0396857,-0.482782
18.99,0.874578,0.0496722,-0.482335
19,0.874255,0.059652,-0.481788
19.01,0.873874,0.0696237,-0.481142
19.02,0.873433,0.0795861,-0.480396
19.03,0.872935,0.0895377,-0.47955
19.04,0.872377,0.0994773,-0.478605
19.05,0.871761,0.109403,-0.477561
19.06,0.871086,0.119315,-0.476417
19.07,0.870353,0.12921,-0.475174
19.08,0.869561,0.139088,-0.473833
19.09,0.868712,0.148947,-0.472393
19.1,0.867804,0.158786,-0.470854
19.11,0.866838,0.168604,-0.469217
19.12,0.865814,0.178399,-0.467482
19.13,0.864733,0.18817,-0.465649
19.14,0.863594,0.197915,-0.463719
19.15,0.862398,0.207634,-0.461691
19.16,0.861144,0.217325,-0.459566
19.17,0.859833,0.226986,-0.457344
19.18,0.858466,0.236617,-0.455026
19.19,0.857041,0.246216,-0.452612
19.2,0.85556,0.255782,-0.450102
19.21,0.854023,0.265314,-0.447497
19.22,0.85243,0.274809,-0.444796
19.23,0.85078,0.284268,-0.442001
19.24,0.849075,0.293688,-0.439111
19.25,0.847315,0.303069,-0.436127
19.26,0.845499,0.312408,-0.43305
19.27,0.843629,0.321706,-0.429879
19.28,0.841703,0.33096,-0.426616
19.29,0.839723,0.34017,-0.42326
19.3,0.837689,0.349334,-0.419812
19.31,0.835601,0.358451,-0.416273
19.32,0.83346,0.367519,-0.412644
19.33,0.831265,0.376538,-0.408923
19.34,0.829017,0.385506,-0.405113
19.35,0.826716,0.394422,-0.401213
19.36,0.824363,0.403285,-0.397225
19.37,0.821957,0.412094,-0.393148
19.38,0.8195,0.420847,-0.388983
19.39,0.816991,0.429543,-0.384731
19.4,0.814431,0.438182,-0.380392
19.41,0.811821,0.446761,-0.375968
19.42,0.80916,0.45528,-0.371457
19.43,0.806449,0.463738,-0.366862
19.44,0.803688,0.472133,-0.362183
19.45,0.800878,0.480465,-0.35742
19.46,0.798018,0.488731,-0.352574
19.47,0.795111,0.496932,-0.347645
19.48,0.792155,0.505066,-0.342635
19.49,0.789151,0.513132,-0.337544
19.5,0.7861,0.521129,-0.332373
19.51,0.783002,0.529055,-0.327122
19.52,0.779857,0.53691,-0.321792
19.53,0.776666,0.544693,-0.316384
19.54,0.77343,0.552402,-0.310898
19.55,0.770148,0.560037,-0.305336
19.56,0.766822,0.567596,-0.299698
19.57,0.763451,0.575079,-0.293984
19.58,0.760036,0.582484,-0.288197
19.59,0.756578,0.589811,-0.282335
19.6,0.753076,0.597058,-0.276401
19.61,0.749532,0.604225,-0.270394
19.62,0.745947,0.61131,-0.264316
19.63,0.742319,0.618313,-0.258168
19.64,0.738651,0.625233,-0.25195
19.65,0.734942,0.632068,-0.245664
19.66,0.731192,0.638818,-0.239309
19.67,0.727404,0.645482,-0.232888
19.68,0.723576,0.652059,-0.2264
19.69,0.71971,0.658548,-0.219847
19.7,0.715805,0.664948,-0.213229
19.71,0.711863,0.671259,-0.206548
19.72,0.707885,0.677479,-0.199804
19.73,0.703869,0.683608,-0.192999
19.74,0.699818,0.689644,-0.186133
19.75,0.695732,0.695588,-0.179206
19.76,0.69161,0.701438,-0.172221
19.77,0.687455,0.707193,-0.165178
19.78,0.683266,0.712853,-0.158078
19.79,0.679043,0.718417,-0.150921
19.8,0.674789,0.723884,-0.14371
19.81,0.670502,0.729253,-0.136444
19.82,0.666184,0.734524,-0.129125
19.83,0.661835,0.739697,-0.121754
19.84,0.657455,0.744769,-0.114331
19.85,0.653047,0.749741,-0.106859
19.86,0.648609,0.754612,-0.0993367
19.87,0.644142,0.759381,-0.0917666
19.88,0.639648,0.764048,-0.0841494
19.89,0.635127,0.768612,-0.076486
19.9,0.630579,0.773072,-0.0687775
19.91,0.626005,0.777428,-0.0610249
19.92,0.621405,0.781679,-0.0532293
19.93,0.616781,0.785825,-0.0453917
19.94,0.612133,0.789865,-0.0375132
19.95,0.607461,0.793798,-0.0295948
19.96,0.602766,0.797624,-0.0216376
19.97,0.598049,0.801343,-0.0136426
19.98,0.593311,0.804954,-0.00561106
19.99,0.588551,0.808456,0.00245608
